molecule_chembl_id,canonical_smiles,bio_class,MW,LogP,NumHDonors,NumHAcceptors,pIC50
CHEMBL1627209,O=C(N[C@@H]1c2ccccc2C[C@@H]1O)[C@@H](Cc1ccccc1)C[S+]([O-])C[C@H](Cc1ccccc1)C(=O)N[C@@H]1c2ccccc2C[C@@H]1O,active,636.8140000000002,4.001900000000004,4,5,7.675717544702307
CHEMBL1627287,N=[S+]([O-])([C@H](Cc1ccccc1)C(=O)N[C@H]1c2ccccc2C[C@H]1O)[C@H](Cc1ccccc1)C(=O)N[C@H]1c2ccccc2C[C@H]1O,active,623.7750000000002,3.8047700000000026,5,6,6.812761380168522
CHEMBL1627235,N=[S+]([O-])([C@H](Cc1ccccc1)C(=O)N[C@H]1c2ccccc2C[C@H]1O)[C@@H](Cc1ccccc1)C(=O)N[C@H]1c2ccccc2C[C@H]1O,active,623.7750000000002,3.8047700000000026,5,6,7.428291168191312
CHEMBL1627210,N=[S+]([O-])(C[C@H](Cc1ccccc1)C(=O)N[C@@H]1c2ccccc2C[C@@H]1O)C[C@H](Cc1ccccc1)C(=O)N[C@@H]1c2ccccc2C[C@@H]1O,active,651.8290000000003,4.2999700000000045,5,6,8.602059991327963
CHEMBL396813,O=C(N[C@H]1c2ccccc2C[C@H]1O)[C@H](Cc1ccccc1)C[S+]([O-])C[C@H](Cc1ccccc1)C(=O)N[C@H]1c2ccccc2C[C@H]1O,active,636.8140000000002,4.001900000000004,4,5,7.274905478918531
CHEMBL5483011,CC(C)(C)NC(=O)[C@@H]1CN(Cc2cccnc2)CCN1C[C@@H](O)C[C@@H](Cc1ccccc1)C(=O)N[C@H]1c2ccccc2C[C@H]1O.O,active,631.8180000000003,2.0422000000000016,4,7,9.221848749616356
CHEMBL397402,Cc1cccc(C)c1CNC(=O)[C@@H]1CCCCN1C(=O)[C@@H](O)C[C@@H](Cc1ccccc1)C(=O)N[C@H]1c2ccccc2OC[C@H]1O,active,613.7550000000002,3.5214400000000023,4,6,7.376750709602099
CHEMBL247614,Cc1cccc(C)c1CNC(=O)[C@@H]1CCCN1C(=O)[C@@H](O)C[C@@H](Cc1ccccc1)C(=O)N[C@H]1c2ccccc2OC[C@H]1O,active,599.7280000000002,3.131340000000001,4,6,7.853871964321762
CHEMBL247432,Cc1cccc(C)c1CNC(=O)[C@@H]1CCN1C(=O)[C@@H](O)C[C@@H](Cc1ccccc1)C(=O)N[C@H]1c2ccccc2OC[C@H]1O,active,585.7010000000002,2.741240000000001,4,6,7.045757490560675
CHEMBL298393,Cc1cccc(C)c1CNC(=O)[C@H]1N(C(=O)[C@@H](O)C[C@@H](Cc2ccccc2)C(=O)N[C@H]2c3ccccc3OC[C@H]2O)CSC1(C)C,active,645.8220000000001,3.820440000000003,4,7,10.522878745280337
CHEMBL397403,Cc1cccc(C)c1CNC(=O)[C@H]1N(C(=O)[C@@H](O)C[C@@H](Cc2ccccc2)C(=O)N[C@H]2c3ccccc3OC[C@H]2O)CCC1(C)C,active,627.782,3.7674400000000023,4,6,9.853871964321762
CHEMBL247616,Cc1nsc(C)c1CNC(=O)[C@H]1N(C(=O)[C@@H](O)C[C@@H](Cc2ccccc2)C(=O)N[C@H]2c3ccccc3OC[C@H]2O)COC12CCCC2,active,662.8089999999999,3.0945400000000003,4,9,10.0
CHEMBL395207,Cc1noc(C)c1CNC(=O)[C@H]1N(C(=O)[C@@H](O)C[C@@H](Cc2ccccc2)C(=O)N[C@H]2c3ccccc3OC[C@H]2O)COC12CCCC2,active,646.7409999999999,2.6260399999999997,4,9,9.698970004336019
CHEMBL395214,O=C(N[C@H]1c2ccccc2OC[C@H]1O)[C@H](Cc1ccccc1)C[C@H](O)C(=O)N1COC2(CCCC2)[C@H]1C(=O)NCc1c(Cl)cccc1Cl,active,696.6280000000002,4.328000000000003,4,7,9.958607314841775
CHEMBL398053,Cc1cccc(C)c1CNC(=O)[C@H]1N(C(=O)[C@@H](O)C[C@@H](Cc2ccccc2)C(=O)N[C@H]2c3ccccc3OC[C@H]2O)COC12CCCC2,active,655.7919999999999,3.638040000000002,4,7,10.0
CHEMBL247615,Cc1cccc(C)c1CNC(=O)[C@H]1N(C(=O)[C@@H](O)C[C@@H](Cc2ccccc2)C(=O)N[C@H]2c3ccccc3OC[C@H]2O)COC1(C)C,active,629.7540000000001,3.1038400000000017,4,7,9.769551078621726
CHEMBL315403,CC(C)(C)NC(=O)[C@@H]1C[C@@H]2CCCC[C@@H]2CN1C[C@@H](O)[C@H](Cc1ccccc1)NC(=O)O[C@H]1CO[C@H]2OCC[C@H]21,active,557.732,3.241600000000001,3,7,8.744727494896694
CHEMBL254349,CC(C)CN(C[C@@H](O)[C@H](Cc1ccccc1)NC(=O)O[C@@H]1C[C@@H]2CCO[C@@H]2C1)S(=O)(=O)c1ccc(CO)cc1,active,560.7130000000004,3.091500000000001,3,7,8.744727494896694
CHEMBL443626,Oc1cc(O)cc(Oc2c(O)cc(O)c3c2Oc2c(cc(O)c(-c4c(O)cc5c(c4O)Oc4c(Oc6cc(O)cc(O)c6)c(O)cc(O)c4O5)c2O)O3)c1,inactive,742.5540000000005,7.201399999999998,12,18,4.088842391260023
CHEMBL478974,COC(=O)CCCC#CC#C/C=C/CCCCCC/C=C/Br,inactive,365.311,5.141900000000005,0,2,5.0
CHEMBL449762,O=C(O)CCCC#CC#C/C=C/CCCCCC/C=C/Br,inactive,351.28399999999993,5.053500000000005,1,1,4.920818753952375
CHEMBL476873,O=C(O)CCCC#C/C=C/CCCC/C=C/C#C/C=C/Br,inactive,349.268,4.829500000000005,1,1,5.0
CHEMBL474065,C/C(=C\CC[C@@H](C)[C@H]1CC(=O)[C@@]2(C)C3=C(C(=O)C[C@]12C)[C@@]1(C)CC[C@H](O)C(C)(C)[C@@H]1C[C@@H]3O)C(=O)O,inactive,500.67600000000033,4.872600000000005,3,5,4.698970004336019
CHEMBL503829,Cc1ccccc1CNC(=O)[C@H]1N(C(=O)[C@@H](O)[C@H](Cc2ccccc2)NC(=O)[C@@H](COCc2ccccc2)NS(C)(=O)=O)CSC1(C)C,active,696.8920000000002,2.5143200000000014,4,8,9.2518119729938
CHEMBL509400,CC(=O)N[C@H](CS(=O)(=O)c1ccc2ccccc2c1)C(=O)N[C@@H](Cc1ccccc1)[C@H](O)C(=O)N1CSC(C)(C)[C@H]1C(=O)NCc1ccccc1C,active,744.936,3.5115200000000018,4,8,10.065501548756432
CHEMBL485911,Cc1ccccc1CNC(=O)[C@H]1N(C(=O)[C@@H](O)[C@H](Cc2ccccc2)NC(=O)[C@@H](CS(=O)(=O)c2ccc3ccccc3c2)NS(C)(=O)=O)CSC1(C)C,active,780.9910000000001,2.9246200000000018,4,9,10.045757490560675
CHEMBL510136,CC(=O)N[C@H](CS(=O)(=O)c1cccc2ccccc12)C(=O)N[C@@H](Cc1ccccc1)[C@H](O)C(=O)N1CSC(C)(C)[C@H]1C(=O)NCc1ccccc1C,active,744.936,3.5115200000000026,4,8,10.045757490560675
CHEMBL452953,Cc1ccccc1CNC(=O)[C@H]1N(C(=O)[C@@H](O)[C@H](Cc2ccccc2)NC(=O)[C@@H](CS(=O)(=O)c2cccc3ccccc23)NS(C)(=O)=O)CSC1(C)C,active,780.9910000000001,2.9246200000000018,4,9,10.080921907623926
CHEMBL508278,CC(=O)N[C@H](CS(=O)(=O)c1ccc(F)cc1)C(=O)N[C@@H](Cc1ccccc1)[C@H](O)C(=O)N1CSC(C)(C)[C@H]1C(=O)NCc1ccccc1C,active,712.866,2.4974200000000017,4,8,9.568636235841012
CHEMBL462726,CC(=O)N[C@H](CS(=O)(=O)c1ccc(Cl)cc1)C(=O)N[C@@H](Cc1ccccc1)[C@H](O)C(=O)N1CSC(C)(C)[C@H]1C(=O)NCc1ccccc1C,active,729.3209999999999,3.0117200000000013,4,8,9.657577319177793
CHEMBL452873,Cc1ccccc1CNC(=O)[C@H]1N(C(=O)[C@@H](O)[C@H](Cc2ccccc2)NC(=O)[C@@H](CS(=O)(=O)c2ccc(Cl)cc2)NS(C)(=O)=O)CSC1(C)C,active,765.3760000000001,2.4248200000000004,4,9,9.958607314841775
CHEMBL230484,COc1ccc(CSC[C@@H](NC(C)=O)C(=O)N[C@@H](Cc2ccccc2)[C@H](O)C(=O)N2CSC(C)(C)[C@H]2C(=O)NCc2ccccc2C)cc1,active,706.931,3.8264200000000024,4,8,9.744727494896694
CHEMBL455816,COc1ccc(CSC[C@@H](NS(C)(=O)=O)C(=O)N[C@@H](Cc2ccccc2)[C@H](O)C(=O)N2CSC(C)(C)[C@H]2C(=O)NCc2ccccc2C)cc1,active,742.986,3.2395200000000024,4,9,9.585026652029182
CHEMBL449836,CC(=O)N[C@H](COCc1ccccc1)C(=O)N[C@@H](Cc1ccccc1)[C@H](O)C(=O)N1CSC(C)(C)[C@H]1C(=O)NCc1ccccc1C,active,660.8370000000002,3.1012200000000014,4,7,9.4089353929735
CHEMBL503571,COc1ccc(S(=O)(=O)N(CC(C)C)C[C@@H](O)[C@H](Cc2ccccc2)n2cc(COC(=O)N[C@H]3c4ccccc4C[C@H]3O)nn2)cc1,active,663.7970000000001,3.6628000000000016,3,10,8.221848749616356
CHEMBL489014,CC1(C)CCC[C@](C)([C@H]2CC[C@]3(C)[C@@H]2[C@H](O)C[C@@H]2[C@@]4(C)CCC(=O)C(C)(C)[C@@H]4CC[C@]23C)O1,inactive,458.7270000000004,6.949200000000009,1,3,4.404503778174426
CHEMBL518910,CC1(C)CCC[C@](C)([C@H]2CC[C@]3(C)[C@@H]2[C@H](O)C[C@@H]2[C@@]4(C)CCC(=O)C(C)(C)[C@@H]4C(=O)C[C@]23C)O1,inactive,472.7100000000004,6.128200000000007,1,4,4.373659632624958
CHEMBL487707,CC1(C)CCC[C@](C)([C@H]2CC[C@]3(C)[C@@H]2C(=O)C[C@@H]2[C@@]4(C)CCC(=O)C(C)(C)[C@@H]4C(=O)C[C@]23C)O1,inactive,470.69400000000036,6.336400000000007,0,4,4.616184634019569
CHEMBL487911,CC1(C)CCC[C@](C)([C@H]2CC[C@]3(C)[C@@H]2[C@H](O)C[C@@H]2[C@@]4(C)C=C(O)C(=O)C(C)(C)[C@@H]4CC[C@]23C)O1,inactive,472.7100000000003,6.610900000000007,2,4,4.54515513999149
CHEMBL520898,CC1(C)CCC[C@](C)([C@H]2CC[C@]3(C)[C@@H]2[C@H](O)C[C@@H]2[C@@](C)(CC(=O)O)[C@H](C(C)(C)C(=O)O)CC[C@]23C)O1,inactive,506.7240000000004,6.145600000000006,3,4,4.924453038607469
CHEMBL527420,CC1(C)CCC[C@](C)([C@H]2CC[C@]3(C)[C@@H]2C(=O)C[C@@H]2[C@@](C)(CC(=O)O)[C@H](C(C)(C)C(=O)O)CC[C@]23C)O1,inactive,504.70800000000037,6.353800000000007,2,4,4.642065152999546
CHEMBL488536,CC1(C)CCC[C@](C)([C@H]2CC[C@]3(C)[C@@H]2[C@H](O)C[C@@H]2[C@@]4(C)C[C@](O)(C(=O)O)C(C)(C)[C@@H]4CC[C@]23C)O1,inactive,490.72500000000036,5.805700000000006,3,4,5.0
CHEMBL488733,CC1(C)CCC[C@](C)([C@H]2CC[C@]3(C)[C@@H]2[C@H](O)C[C@@H]2[C@@]4(C)C[C@](O)(C(=O)O)C(C)(C)[C@@H]4C(=O)C[C@]23C)O1,inactive,504.70800000000037,4.984700000000005,3,5,4.52432881167557
CHEMBL449203,CC1(C)CCC[C@](C)([C@H]2CC[C@]3(C)[C@@H]2C(=O)C[C@@H]2[C@@]4(C)CC[C@H](OC(=O)CC(C)(C)C(=O)O)C(C)(C)[C@@H]4[C@@H](OC(=O)CC(C)(C)C(=O)O)C[C@]23C)O1,inactive,730.9800000000002,8.023600000000009,2,8,4.962573502059376
CHEMBL451129,CC(C)(C)NC(=O)[C@@H]1C[C@@H]2CCCC[C@@H]2CN1C[C@@H](O)[C@H](Cc1ccccc1)NC(=O)[C@@H](NC(=O)c1ccc2ccccc2n1)[C@H]1CCOC1,active,683.8939999999999,4.253500000000003,4,7,10.301029995663981
CHEMBL18389,CC(C)(C)NC(=O)[C@@H]1C[C@@H]2CCCC[C@@H]2CN1C[C@@H](O)[C@H](Cc1ccccc1)NC(=O)O[C@H]1CCOC1,active,515.6950000000002,3.269100000000001,3,6,6.795880017344075
CHEMBL101560,O=C(N[C@@H](Cc1ccccc1)[C@@H](O)C[C@@H](Cc1ccccc1)C(=O)N[C@H]1c2ccccc2C[C@H]1O)OC1CCCC1,active,556.703,4.650900000000004,4,5,9.522878745280337
CHEMBL273317,CC(C)(C)NC(=O)[C@@H]1C[C@@H]2CCCC[C@@H]2CN1C[C@@H](O)[C@H](Cc1ccccc1)NC(=O)O[C@H]1CCS(=O)(=O)C1,active,563.7610000000001,2.667300000000001,3,7,7.119186407719209
CHEMBL113090,CC(C)(C)NC(=O)[C@@H]1C[C@@H]2CCCC[C@@H]2CN1C[C@@H](O)[C@H](Cc1ccccc1)NC(=O)O[C@H]1CC[C@H]2OCC[C@@H]12,active,555.76,4.0477000000000025,3,6,7.769551078621726
CHEMBL469086,COc1ccc(S(=O)(=O)N(CC(C)C)C[C@@H](O)[C@H](Cc2ccccc2)NC(=O)O[C@H]2CO[C@H]3OCC[C@H]32)cc1,active,562.6850000000003,2.8017000000000003,2,8,8.853871964321762
CHEMBL492254,COc1ccc(S(=O)(=O)N(CC(C)C)C[C@@H](O)[C@H](Cc2ccccc2)NC(=O)O[C@@H]2CCOCOC2)cc1,active,550.6740000000003,2.8033,2,8,8.301029995663981
CHEMBL509137,COc1ccc(S(=O)(=O)N(CC(C)C)C[C@@H](O)[C@H](Cc2ccccc2)NC(=O)O[C@H]2CC[C@H]3OCO[C@@H]23)cc1,active,562.6850000000003,2.9442000000000004,2,8,8.42021640338319
CHEMBL510370,COc1ccc(S(=O)(=O)N(C[C@@H]2CCC(=O)N2)C[C@@H](O)[C@H](Cc2ccccc2)NC(=O)O[C@H]2CC[C@H]3OCC[C@@H]23)cc1,active,601.7220000000002,2.2304000000000013,3,8,7.552841968657781
CHEMBL474684,C=C1[C@@H](C)[C@H]2[C@H](Cc3ccccc3)NC(=O)[C@]23[C@H](OC(C)=O)/C=C/[C@@H](C)C[C@@](O)(CO)C/C=C/[C@H]3[C@@H]1O,inactive,509.6430000000003,2.710500000000002,4,6,4.346787486224656
CHEMBL474278,C=C1[C@@H](C)[C@H]2[C@H](Cc3cccc(O)c3)NC(=O)[C@]23[C@H](OC(C)=O)/C=C/[C@@H](C)C[C@@H](CO)C/C=C/[C@H]3[C@@H]1O,inactive,509.6430000000003,3.301200000000002,4,6,4.42021640338319
CHEMBL514773,C=C1[C@@H](C)[C@H]2[C@H](Cc3ccc(O)cc3)NC(=O)[C@]23[C@H](OC(C)=O)/C=C/[C@@H](C)C[C@@H](CO)C/C=C/[C@H]3[C@@H]1O,inactive,509.6430000000003,3.301200000000002,4,6,4.455931955649724
CHEMBL473053,C=C1[C@@H](C)[C@H]2[C@H](Cc3ccccc3)NC(=O)[C@]23[C@H](OC(C)=O)/C=C/[C@@H](C)C[C@@H](CO)C/C=C/[C@H]3[C@@H]1O,inactive,493.6440000000003,3.5956000000000032,3,5,4.657577319177793
CHEMBL109952,O=C(N[C@H]1c2ccccc2C[C@H]1O)[C@H](Cc1ccccc1)CC(O)C[C@@H](Cc1ccccc1)C(=O)N[C@H]1c2ccccc2C[C@H]1O,active,618.7740000000002,4.394300000000005,5,5,9.221848749616356
CHEMBL1627246,CC(C)(C)NC(=O)[C@H]1CN(Cc2cccnc2)CCN1C[S+](=N)([O-])C[C@H](Cc1ccccc1)C(=O)N[C@@H]1c2ccccc2C[C@@H]1O,inactive,646.8580000000003,3.120170000000003,4,8,4.0
CHEMBL1627244,CC(C)(C)NC(=O)[C@H]1CN(Cc2cccnc2)CCN1C[S+]([O-])C[C@H](Cc1ccccc1)C(=O)N[C@@H]1c2ccccc2C[C@@H]1O,inactive,631.8430000000003,2.822100000000003,3,7,4.0
CHEMBL498854,CCCC(=O)N[C@@H](CSCCOCCOCCSC[C@H](NC(=O)CCC)C(=O)N[C@@H](CC(C)C)C(=O)N[C@@H](Cc1ccccc1)C(N)=O)C(=O)N[C@@H](Cc1ccccc1)C(=O)O,inactive,903.178,2.611600000000011,7,11,4.060480747381382
CHEMBL446001,CCCCC(=O)N[C@@H](CSCCOCCOCCSC[C@H](NC(=O)CCCC)C(=O)N[C@@H](CC(C)C)C(=O)N[C@@H](Cc1ccccc1)C(N)=O)C(=O)N[C@@H](Cc1ccccc1)C(=O)O,inactive,931.2320000000001,3.3918000000000115,7,11,4.301029995663981
CHEMBL510483,CCCCCC(=O)N[C@@H](CSCCOCCOCCSC[C@H](NC(=O)CCCCC)C(=O)N[C@@H](CC(C)C)C(=O)N[C@@H](Cc1ccccc1)C(N)=O)C(=O)N[C@@H](Cc1ccccc1)C(=O)O,inactive,959.2860000000001,4.172000000000011,7,11,4.826813731587726
CHEMBL443471,CC(C)C[C@H](NC(=O)[C@H](CSCCOCCOCCSC[C@H](NC(=O)C1CCCCC1)C(=O)N[C@@H](Cc1ccccc1)C(=O)O)NC(=O)C1CCCCC1)C(=O)N[C@@H](Cc1ccccc1)C(N)=O,inactive,983.3079999999998,4.172000000000011,7,11,4.709965388637482
CHEMBL508493,CC[C@@H](C)[C@H](NC(=O)[C@H](CSCCOCCOCCSC[C@H](NC(=O)CCCCC1CCCCC1)C(=O)N[C@@H](Cc1ccccc1)C(=O)O)NC(=O)CCCCC1CCCCC1)C(=O)N[C@@H](Cc1ccccc1)C(N)=O,inactive,1095.5239999999997,7.29280000000001,7,11,4.1938200260161125
CHEMBL507233,C/C=C(\C)C(=O)O[C@H]1[C@H](OC(C)=O)[C@]2(CO)[C@H](O)C[C@]3(C)C(=CC[C@@H]4[C@@]5(C)CC[C@H](O[C@@H]6O[C@H](C(=O)O)[C@@H](O[C@@H]7O[C@H](CO)[C@@H](O)[C@H](O)[C@H]7O)[C@H](O)[C@H]6O[C@@H]6O[C@H](CO)[C@@H](O)[C@H](O)[C@H]6O)[C@](C)(CO)[C@@H]5CC[C@]43C)[C@@H]2CC1(C)C,inactive,1131.2690000000005,-1.3210999999999875,13,23,4.455931955649724
CHEMBL505939,C/C=C(/C)C(=O)O[C@H]1[C@H](OC(C)=O)[C@]2(CO)[C@H](O)C[C@]3(C)C(=CC[C@@H]4[C@@]5(C)CC[C@H](O[C@@H]6O[C@H](C(=O)O)[C@@H](O[C@@H]7O[C@H](CO)[C@@H](O)[C@H](O)[C@H]7O)[C@H](O)[C@H]6O[C@@H]6O[C@H](CO)[C@@H](O)[C@H](O)[C@H]6O)[C@](C)(CO)[C@@H]5CC[C@]43C)[C@@H]2CC1(C)C,inactive,1131.2690000000005,-1.3210999999999875,13,23,4.301029995663981
CHEMBL466684,O=C1N[C@@H](Cc2ccccc2)C([O-])[N+]2(CCCCC2)N1Cc1ccccc1,inactive,365.4770000000001,2.4251999999999994,1,2,4.429457060118103
CHEMBL466688,CC(C)(C)NC(=O)[C@@H]1CCC[N+]12C([O-])[C@H](Cc1ccccc1)NC(=O)N2Cc1ccccc1,inactive,450.5830000000001,2.3184000000000013,2,3,4.351639989019068
CHEMBL541232,O=C(N[C@@H](Cc1ccccc1)[C@@H](O)[C@H](O)[C@H](Cc1ccccc1)NC(=O)c1ccc(F)cc1Cl)c1ccc(F)cc1Cl,active,613.4880000000002,5.3758000000000035,4,4,6.4029633350223465
CHEMBL575906,CC(C)[C@H](NC(=O)[C@]12CCC(C)(C)C[C@@H]1C1=CC[C@@H]3[C@@]4(C)CC[C@H](O)C(C)(C)[C@@H]4CC[C@@]3(C)[C@]1(C)CC2)C(=O)O,inactive,555.8440000000005,7.374400000000009,3,3,4.97469413473523
CHEMBL573101,C=C(C)[C@@H]1CC[C@@]2(C)[C@@H]1[C@@H]1CC[C@@H]3[C@@](C)(CC(=O)O)[C@H](C(C)(C)C(=O)O)CC[C@@]3(C)[C@]1(C)C[C@@H]2O,inactive,488.7090000000003,6.400200000000007,3,3,4.962573502059376
CHEMBL575468,CC(C)[C@H](NC(=O)[C@]12CCC(C)(C)C[C@@H]1C1=CC[C@@H]3[C@@]4(C)CCC(=O)C(C)(C)[C@@H]4CC[C@@]3(C)[C@]1(C)CC2)C(=O)O,inactive,553.8280000000005,7.582600000000009,2,3,4.835647144215563
CHEMBL573333,C=C(C)[C@@H]1CC[C@]2(C(=O)O)CC[C@]3(C)[C@@H](CC[C@@H]4[C@@](C)(CC(=O)O)[C@H](C(C)(C)C(=O)O)CC[C@]43C)[C@H]12,inactive,502.69200000000035,6.494100000000007,3,3,4.804100347590766
CHEMBL573823,CC1(C)C(=O)C(O)=C[C@]2(C)[C@H]3C(=O)C[C@@H]4[C@H]5C[C@@](C)(C(=O)O)CC[C@]5(C)CC[C@@]4(C)[C@]3(C)CC[C@@H]12,inactive,484.6770000000004,6.362400000000007,2,4,4.801342913045577
CHEMBL575187,C[C@H]1[C@H](C)CC[C@]2(C(=O)O)CC[C@]3(C)C(=CC[C@@H]4[C@@](C)(CC(=O)O)[C@H](C(C)(C)C(=O)O)CC[C@]43C)[C@H]12,inactive,502.69200000000035,6.494100000000007,3,3,4.7544873321858505
CHEMBL574281,C=C(C)[C@@H]1CC[C@]2(C(=O)O)CC[C@]3(C)[C@@H](CC[C@@H]4[C@@]5(C)C=C(O)C(=O)C(C)(C)[C@@H]5CC[C@]43C)[C@H]12,inactive,468.6780000000003,6.959400000000008,2,3,4.72584215073632
CHEMBL573351,CC1(C)CC[C@]2(C(=O)O)CC[C@]3(C)[C@H](CC[C@@H]4[C@@]5(C)C=C(O)C(=O)C(C)(C)[C@@H]5CC[C@]43C)[C@H]2C1,inactive,470.6940000000003,7.183400000000008,2,3,4.716698771296451
CHEMBL575822,COC(=O)[C@@H](NC(=O)[C@]12CCC(C)(C)C[C@@H]1C1=CC[C@@H]3[C@@]4(C)CC[C@H](OC(C)=O)C(C)(C)[C@@H]4CC[C@@]3(C)[C@]1(C)CC2)C(C)C,inactive,611.9080000000001,8.03360000000001,1,5,4.671620396561262
CHEMBL573350,CC1(C)C(=O)CC[C@]2(C)[C@H]3C(=O)C=C4[C@H]5C[C@@](C)(C(=O)O)CC[C@]5(C)CC[C@@]4(C)[C@]3(C)CC[C@@H]12,inactive,468.67800000000045,6.620800000000008,1,3,4.627087997029894
CHEMBL576173,C=C(C)[C@@H]1CC[C@]2(C)CC[C@]3(C)[C@@H](CC[C@@H]4[C@@]5(C)C=C(O)C(=O)C(C)(C)[C@@H]5CC[C@]43C)[C@H]12,inactive,438.69600000000025,7.894700000000009,1,2,4.609064892896621
CHEMBL575701,COC(=O)[C@@H](NC(=O)[C@]12CCC(C)(C)C[C@@H]1C1=CC[C@@H]3[C@@]4(C)CC[C@H](O)C(C)(C)[C@@H]4CC[C@@]3(C)[C@]1(C)CC2)C(C)C,inactive,569.8710000000003,7.46280000000001,2,4,4.609064892896621
CHEMBL572885,C[C@@H]1[C@H]2[C@H]3CC[C@@H]4[C@@]5(C)C=C(O)C(=O)C(C)(C)[C@@H]5CC[C@@]4(C)[C@]3(C)CC[C@@]2(C(=O)O)CC[C@H]1C,inactive,470.69400000000047,7.039300000000008,2,3,4.5951662833800615
CHEMBL578646,C=C(C)[C@@H]1CC[C@]2(C)CC[C@]3(C)[C@@H](CC[C@@H]4[C@@](C)(CC(=O)O)[C@H](C(C)(C)C(=O)O)CC[C@]43C)[C@H]12,inactive,472.7100000000003,7.429400000000007,2,2,4.5951662833800615
CHEMBL574496,CC1(C)CC[C@]2(C(=O)O)CC[C@]3(C)C(=CC[C@@H]4[C@@]5(C)CCC(=O)C(C)(C)[C@@H]5CC[C@]43C)[C@H]2C1,inactive,454.69500000000033,7.441800000000009,1,2,4.562249437179612
CHEMBL576367,CC1(C)CC[C@]2(C(=O)O)CC[C@]3(C)C(=CC[C@@H]4[C@@]5(C)CC(=O)C(C)(C)[C@@H]5CC[C@]43C)[C@H]2C1,inactive,440.6680000000003,7.051700000000008,1,2,4.543633966870957
CHEMBL574497,CC1(C)CC[C@]2(CO)CC[C@]3(C)C(=CC[C@@H]4[C@@](C)(CC(=O)O)[C@H](C(C)(C)C(=O)O)CC[C@]43C)[C@H]2C1,inactive,488.70900000000034,6.545900000000007,3,3,4.517126416391246
CHEMBL577582,C=C(C)[C@@H]1CC[C@]2(C=O)CC[C@]3(C)[C@@H](CC[C@@H]4[C@@]5(C)CCC(=O)C(C)(C)[C@@H]5CC[C@]43C)[C@H]12,inactive,438.6960000000003,7.412000000000009,0,2,4.496209316942819
CHEMBL576006,COC(=O)[C@H](NC(=O)[C@]12CCC(C)(C)C[C@@H]1C1=CC[C@@H]3[C@@]4(C)CC[C@H](O)C(C)(C)[C@@H]4CC[C@@]3(C)[C@]1(C)CC2)C(C)C,inactive,569.8710000000003,7.46280000000001,2,4,4.490797477668897
CHEMBL575879,COC(=O)[C@@H](NC(=O)[C@]12CCC(C)(C)C[C@@H]1C1=CC[C@@H]3[C@@]4(C)CCC(=O)C(C)(C)[C@@H]4CC[C@@]3(C)[C@]1(C)CC2)C(C)C,inactive,567.8550000000004,7.671000000000009,1,4,4.431798275933005
CHEMBL487887,C[C@H]1[C@H](C)CC[C@]2(C(=O)O)CC[C@]3(C)C(=CC[C@@H]4[C@@]5(C)CCC(=O)C(C)(C)[C@@H]5CC[C@]43C)[C@H]12,inactive,454.69500000000033,7.297700000000009,1,2,4.425968732272281
CHEMBL576008,CC(C)[C@H](NC(=O)[C@]12CCC(C)(C)C[C@@H]1[C@H]1CC[C@@H]3[C@@]4(C)C=C(O)C(=O)C(C)(C)[C@@H]4CC[C@@]3(C)[C@]1(C)CC2)C(=O)O,inactive,569.8270000000003,7.324200000000008,3,4,4.392544976785332
CHEMBL575831,COC(=O)[C@H](NC(=O)[C@]12CCC(C)(C)C[C@@H]1C1=CC[C@@H]3[C@@]4(C)CCC(=O)C(C)(C)[C@@H]4CC[C@@]3(C)[C@]1(C)CC2)C(C)C,inactive,567.8550000000004,7.671000000000009,1,4,4.382999658879101
CHEMBL575887,CC(C)[C@@H](NC(=O)[C@]12CCC(C)(C)C[C@@H]1C1=CC[C@@H]3[C@@]4(C)CCC(=O)C(C)(C)[C@@H]4CC[C@@]3(C)[C@]1(C)CC2)C(=O)O,inactive,553.8280000000005,7.582600000000009,2,3,4.3448615651886175
CHEMBL575035,CC(C)[C@@H](NC(=O)[C@]12CCC(C)(C)C[C@@H]1C1=CC[C@@H]3[C@@]4(C)CC[C@H](O)C(C)(C)[C@@H]4CC[C@@]3(C)[C@]1(C)CC2)C(=O)O,inactive,555.8440000000005,7.374400000000009,3,3,4.325138859262188
CHEMBL576007,CC(C)[C@@H](NC(=O)[C@]12CCC(C)(C)C[C@@H]1[C@H]1CC[C@@H]3[C@@]4(C)C=C(O)C(=O)C(C)(C)[C@@H]4CC[C@@]3(C)[C@]1(C)CC2)C(=O)O,inactive,569.8270000000003,7.324200000000008,3,4,4.303643611266668
CHEMBL575697,CC(C)[C@@H](NC(=O)[C@]12CCC(C)(C)C[C@@H]1C1=CC[C@@H]3[C@@](C)(CC(=O)O)[C@H](C(C)(C)C(=O)O)CC[C@@]3(C)[C@]1(C)CC2)C(=O)O,inactive,601.8250000000003,6.779000000000007,4,4,4.055024091587952
CHEMBL572987,C[C@H](c1ccccc1)n1cc([C@H](Cc2ccccc2)n2cc([C@H](Cc3ccccc3)n3cc([C@@H](N)Cc4ccccc4)nn3)nn2)nn1,inactive,634.792,5.977100000000006,1,10,4.107905397309519
CHEMBL583710,C[C@H](c1ccccc1)n1cc([C@H](Cc2ccccc2)n2cc([C@H](Cc3ccccc3)n3cc([C@H](Cc4ccccc4)n4cc([C@@H](N)Cc5ccccc5)nn4)nn3)nn2)nn1,inactive,805.9949999999997,7.400700000000009,1,13,4.5376020021010435
CHEMBL583922,CNC(=O)[C@H](Cc1ccccc1)n1cc([C@H](Cc2ccccc2)n2cc([C@H](Cc3ccccc3)n3cc([C@H](Cc4ccccc4)n4cc([C@@H](N)Cc5ccccc5)nn4)nn3)nn2)nn1,inactive,863.0469999999995,6.321200000000006,2,14,4.142667503568732
CHEMBL583923,CC(C)[C@H](N)c1cn([C@@H](Cc2ccccc2)c2cn([C@@H](Cc3ccccc3)c3cn([C@H](c4cn([C@H](C)c5ccccc5)nn4)C(C)C)nn3)nn2)nn1,inactive,709.9069999999998,6.227300000000007,1,13,4.221848749616356
CHEMBL583925,NCCNC(=O)[C@H](Cc1ccccc1)n1cc([C@H](Cc2ccccc2)n2cc([C@H](Cc3ccccc3)n3cc([C@H](Cc4ccccc4)n4cc([C@@H](N)Cc5ccccc5)nn4)nn3)nn2)nn1,inactive,892.0889999999995,5.650100000000005,3,15,4.6020599913279625
CHEMBL584,Cc1c(O)cccc1C(=O)N[C@@H](CSc1ccccc1)[C@H](O)CN1C[C@H]2CCCC[C@H]2C[C@H]1C(=O)NC(C)(C)C,active,567.7960000000003,4.747620000000004,4,6,8.721246399047171
CHEMBL597982,Cc1c(O)cccc1C(=O)N[C@@H](c1cccs1)[C@H](O)CN1C[C@H]2CCCC[C@H]2C[C@H]1C(=O)NC(C)(C)C,inactive,527.7310000000003,4.389520000000004,4,6,4.522878745280337
CHEMBL606392,Cc1c(O)cccc1C(=O)N[C@@H](Cc1cccs1)[C@H](O)CN1C[C@H]2CCCC[C@H]2C[C@H]1C(=O)NC(C)(C)C,active,541.7580000000004,4.259520000000004,4,6,8.537602002101044
CHEMBL577638,Cc1c(O)cccc1C(=O)N[C@@H](Cc1cc(-c2ccccc2)cs1)[C@H](O)CN1C[C@H]2CCCC[C@H]2C[C@H]1C(=O)NC(C)(C)C,active,617.8560000000002,5.926520000000005,4,6,8.221848749616356
CHEMBL591933,Cc1c(O)cccc1C(=O)N[C@@H](Cc1cc2ccccc2s1)[C@H](O)CN1C[C@H]2CCCC[C@H]2C[C@H]1C(=O)NC(C)(C)C,active,591.8180000000002,5.412720000000005,4,6,7.823908740944319
CHEMBL114,CC(C)(C)NC(=O)[C@@H]1C[C@@H]2CCCC[C@@H]2CN1C[C@@H](O)[C@H](Cc1ccccc1)NC(=O)[C@H](CC(N)=O)NC(=O)c1ccc2ccccc2n1,active,670.855,3.092400000000003,5,7,9.397940008672037
CHEMBL578278,CC(C)(C)NC(=O)[C@@H]1C[C@@H]2CCCC[C@@H]2CN1C[C@@H](O)[C@H](Cc1cccs1)NC(=O)[C@H](CC(N)=O)NC(=O)c1ccc2ccccc2n1,active,676.884,3.153900000000002,5,8,7.6777807052660805
CHEMBL577443,CC(C)(C)NC(=O)[C@@H]1C[C@@H]2CCCC[C@@H]2CN1C[C@@H](O)[C@H](Cc1cc(-c2ccccc2)cs1)NC(=O)[C@H](CC(N)=O)NC(=O)c1ccc2ccccc2n1,active,752.9819999999999,4.820900000000003,5,8,8.920818753952375
CHEMBL591934,CC(C)(C)NC(=O)[C@@H]1C[C@@H]2CCCC[C@@H]2CN1C[C@@H](O)[C@H](Cc1cc2ccccc2s1)NC(=O)[C@H](CC(N)=O)NC(=O)c1ccc2ccccc2n1,active,726.944,4.307100000000002,5,8,9.221848749616356
CHEMBL116438,COc1cc(/C=C/C(=O)/C=C(O)/C=C/c2ccc(O)c(OC)c2)ccc1O,inactive,368.3850000000001,3.852600000000003,3,6,4.0
CHEMBL484853,CC(C)c1cc2c(c(O)c1O)[C@@]1(C(=O)O)CCCC(C)(C)[C@@H]1CC2,active,332.44000000000005,4.316100000000004,3,3,6.619788758288394
CHEMBL168640,COC(=O)N[C@H](C(=O)NCCCC[C@@H](CO)N(CC(C)C)S(=O)(=O)c1ccc(N)cc1)C(c1ccccc1)c1ccccc1,active,624.8040000000002,4.119600000000003,4,7,9.301029995663981
CHEMBL1170703,COC(=O)N[C@H](C(=O)NCCCC[C@@H](CO)N(CCC(C)C)S(=O)(=O)c1ccc(N)cc1)C(c1ccccc1)c1ccccc1,active,638.8310000000002,4.509700000000003,4,7,10.522878745280337
CHEMBL1170705,COC(=O)N[C@H](C(=O)N[C@H](C)CCC[C@@H](CO)N(CCC(C)C)S(=O)(=O)c1ccc(N)cc1)C(c1ccccc1)c1ccccc1,active,652.8580000000003,4.898200000000004,4,7,9.397940008672037
CHEMBL1170706,CC[C@@H](CCC[C@@H](CO)N(CCC(C)C)S(=O)(=O)c1ccc(N)cc1)NC(=O)[C@@H](NC(=O)OC)C(c1ccccc1)c1ccccc1,active,666.8850000000002,5.288300000000004,4,7,10.795880017344075
CHEMBL1170707,CCC[C@@H](CCC[C@@H](CO)N(CCC(C)C)S(=O)(=O)c1ccc(N)cc1)NC(=O)[C@@H](NC(=O)OC)C(c1ccccc1)c1ccccc1,active,680.9120000000003,5.678400000000004,4,7,10.0
CHEMBL1170708,COC(=O)N[C@H](C(=O)N[C@@H](CCC[C@@H](CO)N(CCC(C)C)S(=O)(=O)c1ccc(N)cc1)C(C)C)C(c1ccccc1)c1ccccc1,active,680.9120000000003,5.534300000000004,4,7,10.0
CHEMBL1170709,COC(=O)N[C@H](C(=O)N[C@H](CO)CCC[C@@H](CO)N(CCC(C)C)S(=O)(=O)c1ccc(N)cc1)C(c1ccccc1)c1ccccc1,active,668.8570000000002,3.870600000000003,5,8,10.886056647693163
CHEMBL1761675,CC[C@H](C)[C@H](NC(=O)[C@@H](N)CO)C(=O)N[C@@H](C)C(=O)N[C@@H](CCC(=O)O)C(=O)NC12NC(=O)C3(O)C4C5CC(C6C5C3C61)C42,active,618.6880000000002,-3.247699999999994,9,9,7.107905397309519
CHEMBL1761676,CC[C@H](C)[C@H](NC(=O)[C@@H](N)CO)C(=O)N[C@@H](C)C(=O)N[C@@H](CCC(=O)O)C(=O)Nc1cccc(O)c1,inactive,509.56000000000023,-0.9644999999999941,8,8,5.0
CHEMBL1761678,CC[C@H](C)[C@H](N)C(=O)N[C@@H](C)C(=O)N[C@@H](CCC(=O)O)C(=O)NC12NC(=O)C3(O)C4C5CC(C6C5C3C61)C42,active,531.6100000000002,-1.7247999999999946,7,7,6.301029995663981
CHEMBL1761681,CC[C@H](C)[C@H](NC(=O)[C@@H](N)CO)C(=O)N[C@@H](C)C(=O)N[C@]12NC(=O)[C@@]3(O)C4C5CC(C6C5C3C61)C42,active,489.57300000000015,-2.5972999999999935,7,7,6.301029995663981
CHEMBL1761682,CC[C@H](C)[C@H](NC(=O)[C@@H](N)CO)C(=O)N[C@@H](C)C(=O)N[C@@]12NC(=O)[C@]3(O)C4C5CC(C6C5C3C61)C42,inactive,489.57300000000015,-2.5972999999999935,7,7,5.0
CHEMBL1163,COC(=O)N[C@H](C(=O)N[C@@H](Cc1ccccc1)[C@@H](O)CN(Cc1ccc(-c2ccccn2)cc1)NC(=O)[C@@H](NC(=O)OC)C(C)(C)C)C(C)(C)C,active,704.869,4.2116000000000025,5,9,8.397940008672037
CHEMBL729,Cc1cccc(C)c1OCC(=O)N[C@@H](Cc1ccccc1)[C@@H](O)C[C@H](Cc1ccccc1)NC(=O)[C@H](C(C)C)N1CCCNC1=O,active,628.8139999999999,4.328140000000003,4,5,7.6020599913279625
CHEMBL2017307,COc1ccc(S(=O)(=O)N(CC(C)C)C[C@@H](O)COc2ccc3[nH]ccc3c2)cc1OC,active,462.5680000000002,3.271700000000002,2,6,6.0
CHEMBL2017311,COc1ccc(S(=O)(=O)N(CC(C)C)C[C@@H](O)COc2ccc3sccc3c2)cc1OC,active,479.62000000000023,4.005100000000003,1,7,7.221848749616356
CHEMBL2035865,CC(C)[C@H](NC(=O)C[C@@H](N)C1O[C@@H]2OC(C)(C)O[C@@H]2[C@H]1O)C(=O)N[C@@H](C)C(=O)O,active,417.4590000000001,-1.3287999999999935,5,8,6.022276394711152
CHEMBL2035868,CC(C)[C@H](NC(=O)[C@H](C)NC(=O)C[C@H](NCc1ccccc1)C1O[C@@H]2OC(C)(C)O[C@@H]2[C@H]1OCc1ccccc1)C(=O)O,active,597.7090000000003,2.7268000000000034,4,8,6.119186407719209
CHEMBL2035871,CC(C)[C@H](NC(=O)[C@H](C)NC(=O)C[C@H](NCc1ccccc1)C1O[C@@H]2OC(C)(C)O[C@@H]2[C@H]1O)C(=O)O,active,507.5840000000002,0.5023000000000033,5,8,6.1487416512809245
CHEMBL2034991,CC(C)(C)OC(=O)N[C@@H](Cc1ccccc1)[C@@H](O)CC(C/C=C/c1ccccc1)C(=O)N[C@H](C(=O)NC[C@H]1OC(O)[C@H](O)[C@H]1O)C1CCCCC1,active,709.8810000000002,3.213400000000002,7,9,9.769551078621726
CHEMBL1323,CC(C)CN(C[C@@H](O)[C@H](Cc1ccccc1)NC(=O)O[C@H]1CO[C@H]2OCC[C@H]21)S(=O)(=O)c1ccc(N)cc1,active,547.6740000000003,2.3753,3,8,8.42021640338319
CHEMBL2041753,CC(C)CN(C[C@@H](O)[C@H](Cc1ccccc1)NC(=O)O[C@H]1CO[C@H]2OC[C@H](O)[C@H]21)S(=O)(=O)c1ccc(N)cc1,active,563.6730000000002,1.346100000000001,4,9,8.537602002101044
CHEMBL2041754,CC(C)CN(C[C@@H](O)[C@H](Cc1ccccc1)NC(=O)O[C@H]1CO[C@H]2OC[C@H](OCc3ccccc3)[C@H]21)S(=O)(=O)c1ccc(N)cc1,active,653.7980000000002,3.5706000000000007,3,9,8.455931955649724
CHEMBL2041756,COCCO[C@H]1CO[C@@H]2OC[C@H](OC(=O)N[C@@H](Cc3ccccc3)[C@H](O)CN(CC(C)C)S(=O)(=O)c3ccc(N)cc3)[C@@H]21,active,621.7530000000002,2.0168000000000026,3,10,8.602059991327963
CHEMBL2041942,CNc1nc2ccc(S(=O)(=O)N(CC(C)C)C[C@@H](O)[C@H](Cc3ccccc3)NC(=O)O[C@H]3CO[C@H]4OC[C@H](OCCOC)[C@H]43)cc2o1,active,676.789,2.6175000000000006,3,12,8.823908740944319
CHEMBL2046922,CC[C@H](C)[C@H](NC(=O)[C@@H](NC(C)=O)C(C)C)C(=O)N1CCC[C@H]1[C@H](O)[C@@H](O)[C@H](Cc1ccccc1)NC(=O)[C@H](CC(N)=O)NC(=O)[C@H](CC(C)C)NC(=O)[C@H](CO)NC(C)=O,active,861.0509999999998,-1.4935999999999943,10,11,9.221848749616356
CHEMBL2046975,CC(=O)N[C@@H](Cc1c[nH]c2ccccc12)C(=O)N[C@H](C(=O)N[C@@H](Cc1ccccc1)[C@H](O)[C@@H](O)[C@@H]1CCCCN1C(=O)[C@@H](NC(=O)[C@H](Cc1c[nH]c2ccccc12)NC(C)=O)C(C)C)C(C)C,active,919.1369999999997,3.5558000000000085,9,8,8.744727494896694
CHEMBL2046976,CC(=O)N[C@@H](Cc1c[nH]c2ccccc12)C(=O)N[C@H](C(=O)N1CCC[C@H]1[C@H](O)[C@@H](O)[C@H](Cc1ccccc1)NC(=O)COc1c(C)cccc1C)C(C)C,active,739.9140000000001,3.492040000000004,6,7,7.1249387366083
CHEMBL2046977,O=C(COc1ccccc1)N[C@@H](Cc1ccccc1)[C@H](O)[C@@H](O)[C@@H]1CCCN1C(=O)COc1ccccc1,active,518.6100000000004,2.5847000000000007,3,6,6.211831628858833
CHEMBL2046978,CC[C@H](NC(=O)COc1ccccc1C)[C@H](O)[C@@H](O)[C@@H]1CCCN1C(=O)COc1ccccc1C,active,484.59300000000036,2.3688399999999996,3,6,6.183758700008217
CHEMBL2046979,Cc1cccc(C)c1OCC(=O)N[C@@H](Cc1ccccc1)[C@H](O)[C@@H](O)[C@@H]1CCCN1C(=O)COc1ccccc1,active,546.6640000000003,3.2015400000000014,3,6,7.070581074285707
CHEMBL2046980,Cc1cccc(C)c1OCC(=O)N[C@@H](Cc1ccccc1)[C@H](O)[C@@H](O)[C@@H]1CCCN1C(=O)COc1c(C)cccc1C,active,574.7180000000003,3.818380000000003,3,6,8.017728766960431
CHEMBL2046981,Cc1cccc(C)c1OCC(=O)N[C@@H](Cc1ccccc1)[C@H](O)[C@@H](O)[C@@H]1CCCCN1C(=O)COc1c(C)cccc1C,active,588.7450000000003,4.208480000000003,3,6,6.756961951313706
CHEMBL2046984,CC(=O)N[C@@H](Cc1c[nH]c2ccccc12)C(=O)N[C@H](C(=O)N[C@@H](Cc1ccccc1)[C@H](O)[C@@H](O)[C@H](Cc1ccccc1)NC(=O)[C@@H](NC(=O)[C@H](Cc1c[nH]c2ccccc12)NC(C)=O)C(C)C)C(C)C,active,955.17,3.9022000000000094,10,8,8.221848749616356
CHEMBL2046985,Cc1cccc(C)c1OCC(=O)N[C@@H](Cc1ccccc1)[C@H](O)[C@@H](O)[C@H](Cc1ccccc1)NC(=O)COc1c(C)cccc1C,active,624.778,4.554880000000003,4,6,7.552841968657781
CHEMBL1233644,CC(=O)N[C@@H](Cc1c[nH]c2ccccc12)C(=O)N[C@H](C(=O)N[C@@H](Cc1ccccc1)[C@H](O)[C@@H](O)[C@@H]1CCCN1C(=O)[C@@H](NC(=O)[C@H](Cc1c[nH]c2ccccc12)NC(C)=O)C(C)C)C(C)C,active,905.1099999999998,3.1657000000000073,9,8,8.301029995663981
CHEMBL187266,Cc1coc2c1C(=O)C(=O)c1c-2ccc2c1CCCC2(C)C,inactive,294.35,4.247920000000003,0,3,4.22767829327708
CHEMBL187460,C[C@H]1COC2=C1C(=O)C(=O)c1c2ccc2c1CCCC2(C)C,inactive,296.366,3.4433000000000025,0,3,4.157390760389438
CHEMBL363535,Cc1coc2c1C(=O)C(=O)c1c-2ccc2c(C)cccc12,inactive,276.291,4.095640000000003,0,3,4.338187314462739
CHEMBL227075,Cc1cccc2c3c(ccc12)C1=C(C(=O)C3=O)[C@@H](C)CO1,inactive,278.307,3.2910200000000023,0,3,4.295849483160201
CHEMBL2180487,CC1(C)CC(=O)C2=C(C1)Nc1ccccc1N(C(=O)C(=O)N1c3ccccc3NC3=C(C(=O)CC(C)(C)C3)C1c1ccccc1)C2,active,614.7460000000003,6.931500000000007,2,6,7.0
CHEMBL2180488,CC1(C)CC(=O)C2=C(C1)Nc1ccccc1N(C(=O)C(=O)N1CC3=C(CC(C)(C)CC3=O)Nc3ccccc31)C2,active,538.6480000000003,5.190200000000004,2,6,6.698970004336019
CHEMBL2180490,CC1(C)CC(=O)C2=C(C1)Nc1ccccc1N(C(=O)C(=O)N1c3ccccc3NC3=C(C(=O)CC(C)(C)C3)C1c1ccccc1)C2c1ccccc1,active,690.8440000000004,8.672800000000004,2,6,7.522878745280337
CHEMBL2180491,CC1(C)CC(=O)C2=C(C1)Nc1ccccc1N(C(=O)C(F)(F)C(=O)N1c3ccccc3NC3=C(C(=O)CC(C)(C)C3)C1c1ccccc1)C2c1ccccc1,active,740.8510000000001,9.3081,2,6,6.522878745280337
CHEMBL2177556,O=C1CC(c2ccccc2)CC2=C1C(c1ccccc1)N(C(=O)C(=O)N1c3ccccc3NC3=C(C(=O)CC(c4ccccc4)C3)C1c1ccccc1)c1ccccc1N2,active,786.9320000000001,10.187999999999995,2,6,7.221848749616356
CHEMBL2177557,O=C1CC(c2ccccc2)CC2=C1C(c1ccccc1)Nc1ccccc1N2,inactive,366.464,5.666100000000004,2,3,4.698970004336019
CHEMBL2234330,O=C1OC(COc2ccc3ccccc3c2)(c2ccccc2)CC(O)=C1SCc1ccccc1,active,468.5740000000002,6.764000000000006,1,5,7.136677139879544
CHEMBL2234329,CCOc1ccc(OCC)c(SC2=C(O)CC(COc3ccc4ccccc4c3)(c3ccccc3)OC2=O)c1,active,542.6530000000002,7.420300000000007,1,7,8.036212172654444
CHEMBL2234328,Cc1ccc(C)c(SC2=C(O)CC(COc3ccc4ccccc4c3)(c3ccccc3)OC2=O)c1,active,482.60100000000017,7.2397400000000065,1,5,7.187086643357144
CHEMBL2234327,O=C1OC(COc2ccc3ccccc3c2)(c2ccccc2)CC(O)=C1Sc1ccccc1Cl,active,488.9920000000002,7.276300000000004,1,5,7.050609993355087
CHEMBL2234326,CCc1ccccc1SC1=C(O)CC(COc2ccc3ccccc3c2)(c2ccccc2)OC1=O,active,482.6010000000001,7.185300000000007,1,5,7.657577319177793
CHEMBL2234325,Cc1ccccc1SC1=C(O)CC(COc2ccc3ccccc3c2)(c2ccccc2)OC1=O,active,468.5740000000001,6.931320000000007,1,5,7.214670164989233
CHEMBL2234324,O=C1OC(COc2ccc3ccccc3c2)(c2ccccc2)CC(O)=C1Sc1ccccc1,active,454.54700000000014,6.622900000000005,1,5,6.899629454882437
CHEMBL2234323,O=C1OC(COc2cccc3ccccc23)(c2ccccc2)CC(O)=C1SCc1ccccc1,active,468.5740000000002,6.764000000000006,1,5,6.892790030352131
CHEMBL2234322,CCOc1ccc(OCC)c(SC2=C(O)CC(COc3cccc4ccccc34)(c3ccccc3)OC2=O)c1,active,542.6530000000002,7.420300000000006,1,7,8.455931955649724
CHEMBL2234321,Cc1ccc(C)c(SC2=C(O)CC(COc3cccc4ccccc34)(c3ccccc3)OC2=O)c1,active,482.60100000000017,7.2397400000000065,1,5,6.899629454882437
CHEMBL2234384,O=C1OC(COc2cccc3ccccc23)(c2ccccc2)CC(O)=C1Sc1ccccc1Cl,active,488.9920000000002,7.276300000000005,1,5,7.229147988357855
CHEMBL2234383,CCc1ccccc1SC1=C(O)CC(COc2cccc3ccccc23)(c2ccccc2)OC1=O,active,482.6010000000001,7.185300000000007,1,5,7.0
CHEMBL2234382,Cc1ccccc1SC1=C(O)CC(COc2cccc3ccccc23)(c2ccccc2)OC1=O,active,468.5740000000001,6.931320000000007,1,5,7.1938200260161125
CHEMBL2234381,O=C1OC(COc2cccc3ccccc23)(c2ccccc2)CC(O)=C1Sc1ccccc1,active,454.54700000000014,6.622900000000005,1,5,6.798602875679548
CHEMBL2234380,O=C1OC(CSc2ccccc2)(c2ccccc2)CC(O)=C1SCc1ccccc1,active,434.5820000000002,6.324100000000005,1,5,7.494850021680094
CHEMBL2234379,CCOc1ccc(OCC)c(SC2=C(O)CC(CSc3ccccc3)(c3ccccc3)OC2=O)c1,active,508.6610000000002,6.980400000000007,1,7,7.619788758288394
CHEMBL2234337,Cc1ccc(C)c(SC2=C(O)CC(CSc3ccccc3)(c3ccccc3)OC2=O)c1,active,448.6090000000001,6.799840000000005,1,5,6.707743928643524
CHEMBL2234336,O=C1OC(CSc2ccccc2)(c2ccccc2)CC(O)=C1Sc1ccccc1Cl,active,455.0000000000002,6.836400000000005,1,5,7.154901959985743
CHEMBL2234335,CCc1ccccc1SC1=C(O)CC(CSc2ccccc2)(c2ccccc2)OC1=O,active,448.6090000000001,6.745400000000006,1,5,6.623423042943488
CHEMBL2234334,Cc1ccccc1SC1=C(O)CC(CSc2ccccc2)(c2ccccc2)OC1=O,active,434.5820000000001,6.491420000000006,1,5,6.619788758288394
CHEMBL2234333,O=C1OC(CSc2ccccc2)(c2ccccc2)CC(O)=C1Sc1ccccc1,active,420.5550000000002,6.183000000000004,1,5,6.58838029403677
CHEMBL2234332,O=C(O)CCCCC1(CCc2ccccc2)CC(O)=C(SCCc2ccccc2)C(=O)O1,active,454.58800000000025,5.695400000000006,2,5,8.301029995663981
CHEMBL2234331,Cc1ccc(C(C)C)c(SC2=C(O)CC(CCc3ccccc3)(C(C)C)OC2=O)c1,active,424.6060000000001,6.954620000000007,1,4,8.958607314841775
CHEMBL2297025,O=C(CC1(O)C2C3CC4C5C3C1C5C(O)(CC(=O)N[C@@H](Cc1ccc(O)cc1)C(=O)O)C42)N[C@@H](Cc1ccc(O)cc1)C(=O)O,inactive,620.6550000000003,0.6519000000000017,8,8,5.0
CHEMBL2297028,CC(C)[C@H](NC(=O)CC1(O)C2C3CC4C5C3C1C5C(O)(CC(=O)N[C@H](C(=O)O)C(C)C)C42)C(=O)O,inactive,492.5690000000003,0.0673000000000023,6,6,5.0
CHEMBL2297030,CC(C)[C@H](NC12OC3(O)C4C5CC(C6C5C3C61)C42)C(=O)N[C@@H](C)C(=O)O,active,362.4260000000001,-0.0072999999999992515,4,5,6.221848749616356
CHEMBL2297031,CC[C@H](C)[C@H](NC(=O)[C@H](C)NC(=O)[C@H](CCC(=O)O)NC12NC(=O)C3(O)C4C5CC(C6C5C3C61)C42)C(=O)N[C@@H](CO)C(=O)O,active,619.6720000000001,-2.6483999999999894,9,9,7.107905397309519
CHEMBL2349226,Cc1cn([C@H]2C[C@H](n3cc(CNCC(=O)N(Cc4ccccc4)Cc4cc5cc(Cl)ccc5oc4=O)nn3)[C@@H](CO)O2)c(=O)[nH]c1=O,inactive,662.1030000000001,2.0360199999999997,3,12,4.529442514782726
CHEMBL2349225,CCOc1cccc2cc(CN(Cc3ccccc3)C(=O)CNCc3cn([C@H]4C[C@H](n5cc(C)c(=O)[nH]c5=O)O[C@@H]4CO)nn3)c(=O)oc12,inactive,671.7110000000001,1.7813199999999991,3,13,4.563996464330104
CHEMBL2349224,COc1cccc2cc(CN(Cc3ccccc3)C(=O)CNCc3cn([C@H]4C[C@H](n5cc(C)c(=O)[nH]c5=O)O[C@@H]4CO)nn3)c(=O)oc12,inactive,657.6840000000002,1.3912199999999995,3,13,4.6439741428068775
CHEMBL2349223,Cc1cn([C@H]2C[C@H](n3cc(CNCC(=O)N(Cc4ccccc4)Cc4cc5cc(Br)ccc5oc4=O)nn3)[C@@H](CO)O2)c(=O)[nH]c1=O,inactive,706.554,2.14512,3,12,4.4943074925878
CHEMBL2349222,Cc1cn([C@H]2C[C@H](n3cc(CNCC(=O)N(Cc4ccccc4)Cc4cc5ccccc5oc4=O)nn3)[C@@H](CO)O2)c(=O)[nH]c1=O,inactive,627.6580000000002,1.38262,3,12,4.455188088242224
CHEMBL2349088,Cc1cn([C@H]2C[C@H](n3cc(CNCc4cc5cc(Cl)ccc5oc4=O)nn3)[C@@H](CO)O2)c(=O)[nH]c1=O,inactive,514.9260000000002,1.0072199999999996,3,11,4.605373235727791
CHEMBL2349087,CCOc1cccc2cc(CNCc3cn([C@H]4C[C@H](n5cc(C)c(=O)[nH]c5=O)O[C@@H]4CO)nn3)c(=O)oc12,inactive,524.5340000000002,0.7525199999999996,3,12,4.631713115097869
CHEMBL2349086,COc1cccc2cc(CNCc3cn([C@H]4C[C@H](n5cc(C)c(=O)[nH]c5=O)O[C@@H]4CO)nn3)c(=O)oc12,inactive,510.5070000000003,0.36242000000000024,3,12,4.665546248849069
CHEMBL2349085,Cc1cn([C@H]2C[C@H](n3cc(CNCc4cc5cc(Br)ccc5oc4=O)nn3)[C@@H](CO)O2)c(=O)[nH]c1=O,inactive,559.3770000000002,1.1163199999999993,3,11,4.538951908329342
CHEMBL2349084,Cc1cn([C@H]2C[C@H](n3cc(CNCc4cc5ccccc5oc4=O)nn3)[C@@H](CO)O2)c(=O)[nH]c1=O,inactive,480.4810000000002,0.3538199999999999,3,11,4.567672207738396
CHEMBL3093182,CCCC[C@H](NC(=O)CNC(=O)[C@H](CCC(=O)O)NC(=O)[C@H](Cc1ccccc1)NC[C@H](Cc1ccccc1)NC(=O)[C@@H](NC(=O)[C@@H](N)CCCNC(=N)N)C(C)C)C(=O)O,active,853.0349999999997,-0.1284299999999961,12,10,7.512861624522813
CHEMBL3093183,CCCC[C@H](NC(=O)CNC(=O)[C@H](CCC(=O)O)NC(=O)[C@H](Cc1ccccc1)NC[C@H](CC(C)C)NC(=O)[C@@H](NC(=O)[C@@H](N)CCCNC(=N)N)C(C)C)C(=O)O,active,819.0179999999998,-0.32502999999999976,12,10,8.585026652029182
CHEMBL104538,Cc1cccc(C)c1OCC(=O)N[C@@H](Cc1ccccc1)[C@@H](O)C[C@H](CC(C)C)NC(=O)[C@H](C(C)C)N1CCCNC1=O,active,594.797,4.131540000000003,4,5,8.67778070526608
CHEMBL3114729,CC(C)c1nc(CN(C)C(=O)N[C@H](C(=O)N(CCCN(Cc2ccccc2)C(=O)OCc2cncs2)Cc2ccccc2)C(C)C)cs1,inactive,690.9360000000001,7.1469000000000085,1,8,4.6777807052660805
CHEMBL3114726,CC(C)c1nc(CN(C)C(=O)N[C@H](C(=O)N[C@H](CCN(Cc2ccccc2)NC(=O)OCc2cncs2)Cc2ccccc2)C(C)C)cs1,active,705.9510000000001,6.350200000000006,3,9,7.522878745280337
CHEMBL3114724,CC(C)c1nc(CN(C)C(=O)N[C@H](C(=O)N(CCCCN(Cc2ccccc2)C(=O)OCc2cncs2)Cc2ccccc2)C(C)C)cs1,inactive,704.9630000000002,7.537000000000009,1,8,4.6439741428068775
CHEMBL3114713,CC(C)c1nc(CN(C)C(=O)N[C@H](C(=O)N[C@H](CC[C@H](Cc2ccccc2)NC(=O)OCc2cncs2)Cc2ccccc2)C(C)C)cs1,active,704.9630000000002,6.934400000000007,3,8,8.301029995663981
CHEMBL3115186,CC(C)c1nc(CN(C)C(=O)N[C@@H](Cn2cccn2)C(=O)N[C@H](CC[C@H](Cc2ccccc2)NC(=O)OCc2cncs2)Cc2ccccc2)cs1,active,742.9720000000001,6.175100000000007,3,10,7.522878745280337
CHEMBL3115176,CC(C)c1nc(CN(C)C(=O)N[C@@H](CCO)C(=O)N[C@H](CC[C@H](Cc2ccccc2)NC(=O)OCc2cncs2)Cc2ccccc2)cs1,active,706.9350000000002,5.660800000000005,4,9,7.4089353929735005
CHEMBL3115174,CC(C)c1nc(CN(C)C(=O)N[C@@H](CC(N)=O)C(=O)N[C@H](CC[C@H](Cc2ccccc2)NC(=O)OCc2cncs2)Cc2ccccc2)cs1,active,719.9340000000002,5.153800000000005,4,9,6.844663962534939
CHEMBL3115173,CC(C)c1nc(CN(C)C(=O)N[C@@H](CC(=O)O)C(=O)N[C@H](CC[C@H](Cc2ccccc2)NC(=O)OCc2cncs2)Cc2ccccc2)cs1,active,720.9180000000002,5.753100000000005,4,9,8.0
CHEMBL3115172,CC(C)c1nc(CN(C)C(=O)N[C@@H](COCc2ccccc2)C(=O)N[C@H](CC[C@H](Cc2ccccc2)NC(=O)OCc2cncs2)Cc2ccccc2)cs1,inactive,783.033,7.495200000000008,3,9,4.928117992693875
CHEMBL3115170,O=C(N[C@H](CC[C@H](Cc1ccccc1)NC(=O)[C@H](CO)NC(=O)N(Cc1cncs1)C1CC1)Cc1ccccc1)OCc1cncs1,inactive,676.8650000000004,4.6799000000000035,4,9,4.714442690992226
CHEMBL3115167,CC(C)c1nc(CN(C)C(=O)N[C@@H](CO)C(=O)N[C@H](CC[C@H](Cc2ccccc2)NC(=O)OCc2cncs2)Cc2ccccc2)cs1,active,692.9080000000004,5.270700000000005,4,9,7.301029995663981
CHEMBL3115165,CC(C)[C@H](NC(=O)N(C)Cc1cncs1)C(=O)N[C@H](CC[C@H](Cc1ccccc1)NC(=O)OCc1cncs1)Cc1ccccc1,active,662.8820000000002,5.811000000000005,3,8,6.413412695328245
CHEMBL3115163,CC(C)[C@H](NC(=O)N(C)Cc1cscn1)C(=O)N[C@H](CC[C@H](Cc1ccccc1)NC(=O)OCc1cncs1)Cc1ccccc1,active,662.8820000000002,5.811000000000005,3,8,6.616184634019569
CHEMBL3115162,Cc1nc(CN(C)C(=O)N[C@H](C(=O)N[C@H](CC[C@H](Cc2ccccc2)NC(=O)OCc2cncs2)Cc2ccccc2)C(C)C)cs1,active,676.9090000000002,6.119420000000007,3,8,7.455931955649724
CHEMBL3115161,CC(C)c1nc(CN(C(=O)N[C@H](C(=O)N[C@H](CC[C@H](Cc2ccccc2)NC(=O)OCc2cncs2)Cc2ccccc2)C(C)C)C2CC2)cs1,active,731.001,7.467000000000008,3,8,6.259637310505756
CHEMBL3126474,CC1(C)CC[C@]2(C(=O)OCc3ccccc3)CC[C@]3(C)C(=CC[C@@H]4[C@@]5(C)C[C@@H](OC(=O)c6ccccc6C(=O)O)[C@H](O)C(C)(C)[C@@H]5CC[C@]43C)[C@@H]2C1,active,710.9520000000001,9.426100000000002,2,6,6.096910013008056
CHEMBL3126462,CC1(C)CC[C@]2(C(=O)OCc3ccccc3)CC[C@]3(C)C(=CC[C@@H]4[C@@]5(C)C[C@@H](OC(=O)CCC(=O)O)[C@H](O)C(C)(C)[C@@H]5CC[C@]43C)[C@@H]2C1,inactive,662.9080000000001,8.278900000000009,2,6,4.806875401645539
CHEMBL3126460,CCCCCCCCCCCC(=O)O[C@@H]1C[C@]2(C)[C@H]3CC=C4[C@@H]5CC(C)(C)CC[C@]5(C(=O)OCc5ccccc5)CC[C@@]4(C)[C@]3(C)CC[C@H]2C(C)(C)[C@H]1OC(=O)CCCCCCCCCCC,inactive,927.4489999999993,16.806799999999967,0,6,4.136677139879544
CHEMBL3126457,CC(C)(CC(=O)O)CC(=O)O[C@@H]1C[C@]2(C)[C@H]3CC=C4[C@@H]5CC(C)(C)CC[C@]5(C(=O)O)CC[C@@]4(C)[C@]3(C)CC[C@H]2C(C)(C)[C@H]1OC(=O)CC(C)(C)CC(=O)O,inactive,757.018,9.088200000000006,3,7,4.560667306169737
CHEMBL3126456,CC(C)(CC(=O)O)CC(=O)O[C@@H]1C[C@]2(C)[C@H]3CC=C4[C@@H]5CC(C)(C)CC[C@]5(C(=O)O)CC[C@@]4(C)[C@]3(C)CC[C@H]2C(C)(C)[C@H]1O,inactive,614.8640000000003,7.64630000000001,3,5,4.844663962534939
CHEMBL3126465,CC1(C)CC[C@]2(C(=O)O)CC[C@]3(C)C(=CC[C@@H]4[C@@]5(C)C[C@@H](OC(=O)c6ccccc6C(=O)O)[C@H](O)C(C)(C)[C@@H]5CC[C@]43C)[C@@H]2C1,inactive,620.827,7.767300000000009,3,5,4.847711655616943
CHEMBL1797017,CCCC(=O)O[C@@H]1C[C@]2(C)[C@H]3CC=C4[C@@H]5CC(C)(C)CC[C@]5(C(=O)O)CC[C@@]4(C)[C@]3(C)CC[C@H]2C(C)(C)[C@H]1OC(=O)CCC,inactive,612.8920000000003,8.906400000000003,1,5,4.505845405981558
CHEMBL318169,CC(C)(CC(=O)O)CC(=O)O[C@H]1CC[C@]2(C)[C@H]3CC=C4[C@@H]5CC(C)(C)CC[C@]5(C(=O)O)CC[C@@]4(C)[C@]3(C)CC[C@H]2C1(C)C,active,598.8650000000001,8.675500000000007,2,4,6.154901959985743
CHEMBL320364,CC1(C)CC[C@]2(C(=O)O)CC[C@]3(C)C(=CC[C@@H]4[C@@]5(C)CC[C@H](OC(=O)CCCC(=O)O)C(C)(C)[C@@H]5CC[C@]43C)[C@@H]2C1,active,570.8110000000003,8.03940000000001,2,4,6.251811972993799
CHEMBL502586,CC1(C)CC[C@]2(C(=O)O)CC[C@]3(C)C(=CC[C@@H]4[C@@]5(C)CC[C@H](OC(=O)c6ccccc6C(=O)O)C(C)(C)[C@@H]5CC[C@]43C)[C@@H]2C1,active,604.8280000000001,8.796500000000004,2,4,6.508638306165727
CHEMBL201515,CC1(C)CC[C@]2(C(=O)O)CC[C@]3(C)C(=CC[C@@H]4[C@@]5(C)C[C@@H](O)[C@H](O)C(C)(C)[C@@H]5CC[C@]43C)[C@@H]2C1,inactive,472.71000000000026,6.204400000000009,3,3,4.202732459169283
CHEMBL3126478,CC1(C)CC[C@]2(C(=O)OCc3ccccc3)CC[C@]3(C)C(=CC[C@@H]4[C@@]5(C)CC[C@H](OC(=O)c6ccccc6C(=O)O)C(C)(C)[C@@H]5CC[C@]43C)[C@@H]2C1,active,694.9530000000001,10.455299999999998,1,5,6.3979400086720375
CHEMBL3263089,COc1ccc(S(=O)(=O)N(CC(C)C)C[C@@H](O)[C@H](Cc2ccccc2)NC(=O)O[C@H]2CO[C@H]3[C@@H]2OC[C@H]3O[N+](=O)[O-])cc1,active,623.6810000000003,1.7834000000000008,2,11,9.958607314841775
CHEMBL3263090,COc1ccc(S(=O)(=O)N(CC(C)C)C[C@@H](O)[C@H](Cc2ccccc2)NC(=O)O[C@H]2CO[C@H]3[C@@H]2OC[C@H]3O)cc1,active,578.6840000000003,1.5674000000000001,3,9,10.0
CHEMBL3263091,COc1ccc(S(=O)(=O)N(CC(C)C)C[C@@H](O)[C@H](Cc2ccccc2)NC(=O)O[C@H]2CO[C@H]3[C@@H]2OC[C@H]3OC)cc1,active,592.7110000000002,2.2215000000000007,2,9,10.301029995663981
CHEMBL3263092,CC(C)CN(C[C@@H](O)[C@H](Cc1ccccc1)NC(=O)O[C@H]1CO[C@H]2[C@@H]1OC[C@H]2O[N+](=O)[O-])S(=O)(=O)c1ccc(N)cc1,active,608.6700000000002,1.3570000000000022,3,11,9.920818753952375
CHEMBL3263093,CC(C)CN(C[C@@H](O)[C@H](Cc1ccccc1)NC(=O)O[C@H]1CO[C@H]2[C@@H]1OC[C@H]2O)S(=O)(=O)c1ccc(N)cc1,active,563.6730000000002,1.1410000000000018,4,9,9.366531544420413
CHEMBL3263094,CO[C@@H]1CO[C@H]2[C@@H]1OC[C@@H]2OC(=O)N[C@@H](Cc1ccccc1)[C@H](O)CN(CC(C)C)S(=O)(=O)c1ccc(N)cc1,active,577.7000000000002,1.795100000000001,3,9,9.443697499232712
CHEMBL602523,C#CCNC(=O)[C@@H]1O[C@@H]2O[C@H]1C(=O)N(Cc1ccccc1)[C@H]2Cc1ccccc1,active,390.4390000000001,1.4995999999999992,1,4,6.154901959985743
CHEMBL3331342,CC(C)[C@H](NC(=O)COc1ccccc1)C(=O)N[C@@H](Cc1ccccc1)[C@@H](O)[C@@H]1O[C@H]1Cc1ccccc1,active,516.6380000000003,3.3047000000000013,3,5,6.173925197299173
CHEMBL3400725,Cc1cccc(C)c1N(CC(=O)N[C@@H](Cc1ccccc1)[C@H](O)CN(CC(C)C)S(=O)(=O)c1ccc(CO)cc1)CC(=O)N(C)C,active,652.8580000000001,3.1256400000000024,3,7,6.5376020021010435
CHEMBL3400724,Cc1cccc(C)c1N(CC(=O)N[C@@H](Cc1ccccc1)[C@H](O)CN(CC(C)C)S(=O)(=O)c1ccc(CO)cc1)CC(=O)N1CCOCC1,active,694.8949999999999,2.8962400000000024,3,8,7.136677139879544
CHEMBL3400723,COc1ccc(N(CC(=O)N[C@@H](Cc2ccccc2)[C@H](O)CN(CC(C)C)S(=O)(=O)c2ccc(CO)cc2)CC(=O)N(C)C)cc1,active,654.8300000000002,2.517400000000001,3,8,6.431798275933005
CHEMBL3400722,COc1ccc(N(CC(=O)N[C@@H](Cc2ccccc2)[C@H](O)CN(CC(C)C)S(=O)(=O)c2ccc(CO)cc2)CC(=O)N2CCOCC2)cc1,active,696.867,2.288000000000001,3,9,6.050609993355087
CHEMBL3400721,Cc1c(O)cccc1N(CC(=O)N[C@@H](Cc1ccccc1)[C@H](O)CN(CC(C)C)S(=O)(=O)c1ccc(CO)cc1)CC(=O)N(C)C,active,654.83,2.522820000000001,4,8,6.823908740944319
CHEMBL3400718,Cc1cccc(C)c1N(CC(=O)N[C@@H](Cc1ccccc1)[C@H](O)CN(CC(C)C)S(=O)(=O)c1ccc(N)cc1)CC(=O)N1CCOCC1,active,679.8839999999998,2.9861400000000025,3,8,7.1938200260161125
CHEMBL3400717,COc1ccc(N(CC(=O)N[C@@H](Cc2ccccc2)[C@H](O)CN(CC(C)C)S(=O)(=O)c2ccc(N)cc2)CC(=O)N(C)C)cc1,active,639.8190000000002,2.6073000000000013,3,8,6.853871964321762
CHEMBL3400715,Cc1c(O)cccc1N(CC(=O)N[C@@H](Cc1ccccc1)[C@H](O)CN(CC(C)C)S(=O)(=O)c1ccc(N)cc1)CC(=O)N(C)C,active,639.819,2.6127200000000013,4,8,6.229147988357855
CHEMBL3400713,Cc1cccc(C)c1N(CC(=O)N[C@@H](Cc1ccccc1)[C@H](O)CN(CC(C)C)S(=O)(=O)c1ccc([N+](=O)[O-])cc1)CC(=O)N(C)C,active,667.8290000000001,3.541540000000003,2,8,6.5376020021010435
CHEMBL3400712,Cc1cccc(C)c1N(CC(=O)N[C@@H](Cc1ccccc1)[C@H](O)CN(CC(C)C)S(=O)(=O)c1ccc([N+](=O)[O-])cc1)CC(=O)N1CCOCC1,active,709.8659999999999,3.312140000000002,2,9,7.136677139879544
CHEMBL3400711,COc1ccc(N(CC(=O)N[C@@H](Cc2ccccc2)[C@H](O)CN(CC(C)C)S(=O)(=O)c2ccc([N+](=O)[O-])cc2)CC(=O)N(C)C)cc1,active,669.8010000000002,2.933300000000001,2,9,6.6777807052660805
CHEMBL3400709,Cc1c(O)cccc1N(CC(=O)N[C@@H](Cc1ccccc1)[C@H](O)CN(CC(C)C)S(=O)(=O)c1ccc([N+](=O)[O-])cc1)CC(=O)N(C)C,active,669.801,2.9387200000000018,3,9,6.214670164989233
CHEMBL3400707,COc1ccc(S(=O)(=O)N(CC(C)C)C[C@@H](O)[C@H](Cc2ccccc2)NC(=O)CN(CC(=O)N(C)C)c2c(C)cccc2C)cc1,active,652.8580000000002,3.6419400000000026,2,7,6.7447274948966935
CHEMBL3400155,COc1ccc(S(=O)(=O)N(CC(C)C)C[C@@H](O)[C@H](Cc2ccccc2)NC(=O)CN(CC(=O)N2CCOCC2)c2c(C)cccc2C)cc1,active,694.895,3.4125400000000035,2,8,7.823908740944319
CHEMBL3400706,COc1ccc(N(CC(=O)N[C@@H](Cc2ccccc2)[C@H](O)CN(CC(C)C)S(=O)(=O)c2ccc(OC)cc2)CC(=O)N(C)C)cc1,active,654.8300000000002,3.0337000000000014,2,8,6.657577319177793
CHEMBL3400705,COc1ccc(N(CC(=O)N[C@@H](Cc2ccccc2)[C@H](O)CN(CC(C)C)S(=O)(=O)c2ccc(OC)cc2)CC(=O)N2CCOCC2)cc1,active,696.867,2.8043000000000013,2,9,6.5376020021010435
CHEMBL3400704,COc1ccc(S(=O)(=O)N(CC(C)C)C[C@@H](O)[C@H](Cc2ccccc2)NC(=O)CN(CC(=O)N(C)C)c2cccc(O)c2C)cc1,active,654.8300000000003,3.0391200000000014,3,8,6.267606240177032
CHEMBL3400734,COc1ccc(N(CC(=O)N[C@@H](Cc2ccccc2)[C@@H](O)CN(CC(C)C)S(=O)(=O)c2ccc([N+](=O)[O-])cc2)CC(=O)N2CCOCC2)cc1,inactive,711.838,2.703900000000001,2,10,4.716472635138306
CHEMBL3400738,Cc1c(O)cccc1N(CC(=O)N[C@@H](Cc1ccccc1)[C@@H](O)CN(CC(C)C)S(=O)(=O)c1ccc(N)cc1)CC(=O)N1CCOCC1,inactive,681.8559999999998,2.383320000000001,4,9,4.793984123236656
CHEMBL3400743,Cc1cccc(C)c1N(CC(=O)N[C@@H](Cc1ccccc1)[C@@H](O)CN(CC(C)C)S(=O)(=O)c1ccc(N)cc1)CC(=O)N(C)C,active,637.847,3.2155400000000025,3,7,6.309803919971486
CHEMBL3402100,Cc1cccc(C)c1N(CC(=O)N[C@@H](Cc1ccccc1)[C@@H](O)CN(CC(C)C)S(=O)(=O)c1ccc(CO)cc1)CC(=O)N(C)C,inactive,652.8580000000001,3.1256400000000024,3,7,4.761953896871205
CHEMBL3577575,CC(C)CN(C[C@@H](O)[C@H](Cc1ccccc1)NC(=O)O[C@H]1CO[C@H]2OCC(F)(F)[C@H]21)S(=O)(=O)c1ccc(N)cc1,active,583.6540000000002,2.6205,3,8,6.0
CHEMBL3577576,COc1ccc(S(=O)(=O)N(CC(C)C)C[C@@H](O)[C@H](Cc2ccccc2)NC(=O)O[C@H]2CO[C@H]3OC[C@H](OC)[C@H]32)cc1,active,592.7110000000004,2.4266000000000005,2,9,6.0
CHEMBL3612421,COC(=O)[C@H](CC(C)C)NC(=O)[C@H](Cc1ccccc1)NC(=O)[C@H](CO)NC(=O)OCc1ccccc1,inactive,513.5910000000002,1.7051000000000012,4,7,4.207608310501746
CHEMBL3800626,CCc1ccc2c(c1)/C(=C1/SC(=N)NC1=O)C(=O)N2,inactive,273.317,1.7099699999999993,3,4,4.318758762624412
CHEMBL3797258,CCc1cccc2c1NC(=O)/C2=C1\SC(=N)NC1=O,inactive,273.317,1.7099699999999995,3,4,4.3979400086720375
CHEMBL3797729,Cc1ccc(/N=C2/NC(=O)/C(=C3/C(=O)Nc4ccccc43)S2)c(C)c1,inactive,349.4150000000001,3.5173400000000017,2,4,4.4089353929735005
CHEMBL3800610,O=C1N/C(=N/c2cccc(O)c2)S/C1=C1\C(=O)Nc2ccccc21,inactive,337.36,2.6061000000000005,3,5,4.568636235841013
CHEMBL3780574,O=C1N=C(Nc2ccc(O)cc2)S/C1=C1\C(=O)Nc2ccccc21,inactive,337.36,2.7969,3,5,4.853871964321762
CHEMBL3799941,COc1ccc(S(=O)(=O)N(CC(C)C)[C@@H](O)[C@H](Cc2ccccc2)n2cc(COC(=O)N[C@H]3Cc4ccccc4[C@H]3O)nn2)cc1,active,649.7700000000003,3.620300000000002,3,10,8.221848749616356
CHEMBL3797292,COc1ccc(S(=O)(=O)N(CC(C)C)[C@@H](O)[C@H](Cc2ccccc2)n2cc(CNC(=O)c3ccc(CNC(=O)OC(C)(C)C)cc3)nn2)cc1,active,706.8660000000001,4.690500000000004,3,10,7.886056647693163
CHEMBL3814142,CC(C)(C)NC(=O)[C@@H]1C[C@@H]2CCCC[C@@H]2CN1C[C@@H](O)[C@H](Cc1ccccc1)NC(=O)OC1CCCC1,active,513.7230000000002,4.422800000000003,3,5,6.795880017344075
CHEMBL3828743,N[C@H](C(=O)Nc1cncc(F)c1CC[C@@H]1CN[C@H](COC(=O)NCC(F)(F)F)CO1)[C@@H](c1ccc(Cl)cc1)c1cc(F)cc(F)c1,active,674.0420000000003,4.828300000000003,4,7,9.096910013008056
CHEMBL3828417,N[C@H](C(=O)Nc1cncc(F)c1CC[C@@H]1CN[C@H](COC(=O)NCC(F)(F)F)CO1)[C@@H](c1ccc(F)cc1)c1cc(F)cc(F)c1,active,657.5870000000002,4.314000000000002,4,7,8.619788758288394
CHEMBL3828552,N[C@H](C(=O)Nc1cncc(F)c1CC[C@@H]1CN[C@H](COC(=O)NCC(F)(F)F)CO1)[C@@H](c1ccc(F)cc1)c1cccc(F)c1,active,639.5970000000002,4.174900000000002,4,7,8.619788758288394
CHEMBL3827319,N[C@H](C(=O)Nc1cccc(F)c1CC[C@@H]1CN[C@H](COC(=O)NCC(F)(F)F)CO1)[C@@H](c1ccc(F)cc1)c1cc(F)cc(F)c1,active,656.5990000000003,4.919000000000003,4,6,8.086186147616283
CHEMBL3827958,N[C@H](C(=O)Nc1cccc(F)c1CC[C@@H]1CN[C@H](COC(=O)NCC(F)(F)F)CO1)[C@@H](c1ccc(F)cc1)c1cccc(F)c1,active,638.6090000000003,4.779900000000003,4,6,8.193820026016112
CHEMBL3827975,N[C@H](C(=O)Nc1cncc(F)c1CC[C@@H]1CN[C@H](COC(=O)NCC(F)(F)F)CO1)C(c1ccccc1)c1ccccc1,active,603.6170000000002,3.896700000000002,4,7,8.00436480540245
CHEMBL3828678,COC(=O)N[C@H](C(=O)Nc1cncc(F)c1CC[C@@H]1CN[C@H](COC(=O)NCC(F)(F)F)CO1)C(c1ccccc1)c1ccccc1,active,661.6530000000002,4.294000000000002,4,8,8.455931955649724
CHEMBL3827960,COC(=O)N[C@H](C(=O)Nc1cnccc1CC[C@@H]1CN[C@H](COC(=O)NCC(F)(F)F)CO1)C(c1ccccc1)c1ccccc1,active,643.6630000000002,4.154900000000001,4,8,7.853871964321762
CHEMBL3828166,N[C@H](C(=O)Nc1cccc(F)c1CC[C@@H]1CN[C@H](COC(=O)NCC(F)(F)F)CO1)C(c1ccccc1)c1ccccc1,active,602.6290000000002,4.501700000000002,4,6,8.508638306165727
CHEMBL3827450,COC(=O)N[C@H](C(=O)Nc1cccc(F)c1CC[C@@H]1CN[C@H](COC(=O)NCC(F)(F)F)CO1)C(c1ccccc1)c1ccccc1,active,660.6650000000002,4.899000000000004,4,7,7.920818753952375
CHEMBL3827407,COC(=O)N[C@H](C(=O)Nc1ccccc1CC[C@@H]1CN[C@H](COC(N)=O)CO1)C(c1ccccc1)c1ccccc1,active,560.6510000000003,3.5667000000000018,4,7,7.698970004336019
CHEMBL3828494,COC(=O)N[C@H](C(=O)Nc1ccccc1CC[C@@H]1CN[C@H](COC(=O)NCC(F)(F)F)CO1)C(c1ccccc1)c1ccccc1,active,642.6750000000003,4.759900000000003,4,7,7.568636235841013
CHEMBL3827668,COC(=O)N[C@H](C(=O)Nc1ccccc1CC[C@@H]1CN[C@H](COC(=O)NC(C)C)CO1)C(c1ccccc1)c1ccccc1,active,602.7320000000003,4.606000000000003,4,7,7.431798275933005
CHEMBL3828275,COC(=O)N[C@H](C(=O)Nc1ccccc1CC[C@@H]1CN[C@H](COC(=O)N[C@H]2CCc3ccccc32)CO1)C(c1ccccc1)c1ccccc1,active,676.8140000000003,5.885100000000006,4,7,8.455931955649724
CHEMBL3827348,COC(=O)N[C@H](C(=O)Nc1ccccc1CC[C@@H]1CN[C@H](COC(=O)N[C@@H]2CCc3ccccc32)CO1)C(c1ccccc1)c1ccccc1,active,676.8140000000003,5.885100000000006,4,7,8.013228265733755
CHEMBL3828119,COC(=O)N[C@H](C(=O)Nc1ccccc1CC[C@@H]1CN[C@H](COC(=O)NCc2ccc(Cl)s2)CO1)C(c1ccccc1)c1ccccc1,active,691.2500000000002,6.1127000000000065,4,8,8.619788758288394
CHEMBL3827524,COC(=O)N[C@H](C(=O)Nc1ccccc1CC[C@@H]1CN[C@H](COC(=O)NCc2cccc(Cl)n2)CO1)C(c1ccccc1)c1ccccc1,active,686.2090000000002,5.446200000000005,4,8,8.468521082957745
CHEMBL3828355,COC(=O)N[C@H](C(=O)Nc1ccccc1CC[C@@H]1CN[C@H](COC(=O)NCc2ccc(F)cc2)CO1)C(c1ccccc1)c1ccccc1,active,668.7660000000003,5.536900000000005,4,7,8.387216143280265
CHEMBL3827205,COC(=O)N[C@H](C(=O)Nc1ccccc1CC[C@@H]1CN[C@H](COC(=O)NCc2ccccc2F)CO1)C(c1ccccc1)c1ccccc1,active,668.7660000000003,5.5369000000000055,4,7,8.443697499232712
CHEMBL3827353,COC(=O)N[C@H](C(=O)Nc1ccccc1CC[C@@H]1CN[C@H](COC(=O)NCc2ccccc2)CO1)C(c1ccccc1)c1ccccc1,active,650.7760000000003,5.397800000000005,4,7,8.214670164989233
CHEMBL4126326,COCCN(CC(=O)N[C@@H](Cc1ccccc1)[C@H](O)CN(CC(C)C)S(=O)(=O)c1ccc2c(c1)OCO2)[C@@H]1CCOC1,active,605.7540000000001,1.8877000000000008,2,9,8.221848749616356
CHEMBL4129621,COCCN(CC(=O)N[C@@H](Cc1ccccc1)[C@H](O)CN(CC(C)C)S(=O)(=O)c1ccc(N)cc1)[C@@H]1CCOC1,active,576.7600000000001,1.7412000000000019,3,8,7.642065152999546
CHEMBL4127669,COCCN(CC(=O)N[C@@H](Cc1ccccc1)[C@H](O)CN(CC(C)C)S(=O)(=O)c1ccc(OC)cc1)[C@@H]1CCOC1,active,591.7710000000002,2.167600000000002,2,8,8.164309428507574
CHEMBL4128733,CC(C)CN(C[C@@H](O)[C@H](Cc1ccccc1)NC(=O)CN[C@@H]1CCOC1)S(=O)(=O)c1ccc2c(c1)OCO2,active,547.6740000000003,1.5289000000000006,3,8,7.272458742971444
CHEMBL4128826,CC(C)CN(C[C@@H](O)[C@H](Cc1ccccc1)NC(=O)CN[C@@H]1CCOC1)S(=O)(=O)c1ccc(N)cc1,active,518.6800000000004,1.382400000000002,4,7,6.85078088734462
CHEMBL4127148,COc1ccc(S(=O)(=O)N(CC(C)C)C[C@@H](O)[C@H](Cc2ccccc2)NC(=O)CN[C@@H]2CCOC2)cc1,active,533.6910000000004,1.8088000000000006,3,7,7.795880017344075
CHEMBL4128389,CC(C)CN(C[C@@H](O)[C@H](Cc1ccccc1)NC(=O)CN([C@H]1CCOC1)S(C)(=O)=O)S(=O)(=O)c1ccc2c(c1)OCO2,active,625.7660000000003,1.2009000000000014,2,9,7.640164517660112
CHEMBL4130138,CC(C)CN(C[C@@H](O)[C@H](Cc1ccccc1)NC(=O)CN(CC(=O)N(C)C)[C@H]1CCOC1)S(=O)(=O)c1ccc2c(c1)OCO2,active,632.7800000000003,1.3295000000000026,2,9,7.244887733604929
CHEMBL4126853,CC(C)CN(C[C@@H](O)[C@H](Cc1ccccc1)NC(=O)CN([C@H]1CCOC1)S(C)(=O)=O)S(=O)(=O)c1ccc(CO)cc1,active,611.7830000000004,0.9645000000000021,3,8,7.6439741428068775
CHEMBL4128226,CC(C)CN(C[C@@H](O)[C@H](Cc1ccccc1)NC(=O)CN([C@H]1CCOC1)S(C)(=O)=O)S(=O)(=O)c1ccc(N)cc1,active,596.7720000000003,1.054400000000003,3,8,7.223298816011589
CHEMBL4130267,CC(C)CN(C[C@@H](O)[C@H](Cc1ccccc1)NC(=O)CN([C@H]1CCOC1)S(C)(=O)=O)S(=O)(=O)c1ccc([N+](=O)[O-])cc1,active,626.7540000000004,1.3804000000000012,2,9,6.536107011014093
CHEMBL4128874,COc1ccc(S(=O)(=O)N(CC(C)C)C[C@@H](O)[C@H](Cc2ccccc2)NC(=O)CN([C@H]2CCOC2)S(C)(=O)=O)cc1,active,611.7830000000004,1.4808000000000023,2,8,7.8996294548824375
CHEMBL4129048,COCCN(CC(=O)N[C@@H](Cc1ccccc1)[C@H](O)CN(CC(C)C)S(=O)(=O)c1ccc2c(c1)OCO2)[C@H]1CCOC1,active,605.7540000000001,1.8877000000000008,2,9,9.113509274827518
CHEMBL4126128,COCCN(CC(=O)N[C@@H](Cc1ccccc1)[C@H](O)CN(CC(C)C)S(=O)(=O)c1ccc(OC)c(OC)c1)[C@H]1CCOC1,active,621.7970000000001,2.1762000000000024,2,9,6.721246399047171
CHEMBL4127371,COCCN(CC(=O)N[C@@H](Cc1ccccc1)[C@H](O)CN(CC(C)C)S(=O)(=O)c1ccc(OC(F)(F)F)cc1)[C@H]1CCOC1,active,645.7410000000002,3.0576000000000016,2,8,7.167491087293763
CHEMBL4125989,COCCN(CC(=O)N[C@@H](Cc1ccccc1)[C@H](O)CN(CC(C)C)S(=O)(=O)c1ccc(CO)cc1)[C@H]1CCOC1,active,591.7710000000002,1.6513000000000024,3,8,8.370590400897282
CHEMBL4126405,COCCN(CC(=O)N[C@@H](Cc1ccccc1)[C@H](O)CN(CC(C)C)S(=O)(=O)c1ccc(N)cc1)[C@H]1CCOC1,active,576.7600000000001,1.7412000000000019,3,8,9.05551732784983
CHEMBL4129695,COCCN(CC(=O)N[C@@H](Cc1ccccc1)[C@H](O)CN(CC(C)C)S(=O)(=O)c1ccc([N+](=O)[O-])cc1)[C@H]1CCOC1,active,606.7420000000002,2.0672000000000015,2,9,7.752026733638194
CHEMBL4129828,COCCN(CC(=O)N[C@@H](Cc1ccccc1)[C@H](O)CN(CC(C)C)S(=O)(=O)c1ccc(OC)cc1)[C@H]1CCOC1,active,591.7710000000002,2.167600000000002,2,8,9.455931955649724
CHEMBL4128467,CC(C)CN(C[C@@H](O)[C@H](Cc1ccccc1)NC(=O)CN(CC(=O)N1CCOCC1)[C@H]1CCOC1)S(=O)(=O)c1ccc2c(c1)OCO2,active,674.8170000000005,1.1001000000000047,2,10,7.565431095965801
CHEMBL4127489,CC(C)CN(C[C@@H](O)[C@H](Cc1ccccc1)NC(=O)CN(CC(=O)N1CCOCC1)[C@H]1CCOC1)S(=O)(=O)c1ccc(OC(F)(F)F)cc1,active,714.8040000000007,2.270000000000004,2,9,6.040958607678906
CHEMBL4127630,CC(C)CN(C[C@@H](O)[C@H](Cc1ccccc1)NC(=O)CN(CC(=O)N1CCOCC1)[C@H]1CCOC1)S(=O)(=O)c1ccc(CO)cc1,active,660.8340000000005,0.8637000000000061,3,9,6.958607314841775
CHEMBL4126255,CC(C)CN(C[C@@H](O)[C@H](Cc1ccccc1)NC(=O)CN(CC(=O)N1CCOCC1)[C@H]1CCOC1)S(=O)(=O)c1ccc(N)cc1,active,645.8230000000004,0.9536000000000059,3,9,6.795880017344075
CHEMBL4126657,CC(C)CN(C[C@@H](O)[C@H](Cc1ccccc1)NC(=O)CN(CC(=O)N1CCOCC1)[C@H]1CCOC1)S(=O)(=O)c1ccc([N+](=O)[O-])cc1,active,675.8050000000005,1.2796000000000054,2,10,7.008330992620052
CHEMBL4128036,COc1ccc(S(=O)(=O)N(CC(C)C)C[C@@H](O)[C@H](Cc2ccccc2)NC(=O)CN(CC(=O)N2CCOCC2)[C@H]2CCOC2)cc1,active,660.834,1.3800000000000048,2,9,7.356547323513812
CHEMBL4129533,CC(C)CN(C[C@@H](O)[C@H](Cc1ccccc1)NC(=O)CN(CC(=O)N(C)C)[C@H]1CCOC1)S(=O)(=O)c1ccc(CO)cc1,active,618.7970000000004,1.0931000000000033,3,8,7.187086643357144
CHEMBL4129389,CC(C)CN(C[C@@H](O)[C@H](Cc1ccccc1)NC(=O)CN(CC(=O)N(C)C)[C@H]1CCOC1)S(=O)(=O)c1ccc(N)cc1,active,603.7860000000003,1.183000000000004,3,8,7.42021640338319
CHEMBL4126081,CC(C)CN(C[C@@H](O)[C@H](Cc1ccccc1)NC(=O)CN(CC(=O)N(C)C)[C@H]1CCOC1)S(=O)(=O)c1ccc([N+](=O)[O-])cc1,active,633.7680000000004,1.5090000000000032,2,9,6.568636235841013
CHEMBL4125689,COc1ccc(S(=O)(=O)N(CC(C)C)C[C@@H](O)[C@H](Cc2ccccc2)NC(=O)CN(CC(=O)N(C)C)[C@H]2CCOC2)cc1,active,618.7970000000001,1.6094000000000035,2,8,7.543633966870957
CHEMBL4127065,COc1ccc(S(=O)(=O)N(CC(C)C)C[C@@H](O)[C@H](Cc2ccccc2)NC(=O)CN(CC(N)=O)[C@H]2CCOC2)cc1OC,active,620.7690000000001,1.0151000000000039,3,9,8.00436480540245
CHEMBL4128302,CC(C)CN(C[C@@H](O)[C@H](Cc1ccccc1)NC(=O)CN(CC(N)=O)[C@H]1CCOC1)S(=O)(=O)c1ccc(OC(F)(F)F)cc1,active,644.7130000000005,1.8965000000000019,3,8,6.275724130399211
CHEMBL4129908,CC(C)CN(C[C@@H](O)[C@H](Cc1ccccc1)NC(=O)CN(CC(N)=O)[C@H]1CCOC1)S(=O)(=O)c1ccc(CO)cc1,active,590.7430000000004,0.49020000000000513,4,8,7.714442690992226
CHEMBL4128538,CC(C)CN(C[C@@H](O)[C@H](Cc1ccccc1)NC(=O)CN(CC(N)=O)[C@H]1CCOC1)S(=O)(=O)c1ccc(N)cc1,active,575.7320000000003,0.5801000000000046,4,8,7.2441251443275085
CHEMBL4125944,CC(C)CN(C[C@@H](O)[C@H](Cc1ccccc1)NC(=O)CN(CC(N)=O)[C@H]1CCOC1)S(=O)(=O)c1ccc([N+](=O)[O-])cc1,active,605.7140000000004,0.9061000000000041,3,9,7.473660722610156
CHEMBL4129256,COc1ccc(S(=O)(=O)N(CC(C)C)C[C@@H](O)[C@H](Cc2ccccc2)NC(=O)CN(CC(N)=O)[C@H]2CCOC2)cc1,active,590.7430000000002,1.0065000000000035,3,8,7.690369832574102
CHEMBL4127184,CC(C)CN(C[C@@H](O)[C@H](Cc1ccccc1)NC(=O)CN[C@H]1CCOC1)S(=O)(=O)c1ccc2c(c1)OCO2,active,547.6740000000003,1.5289000000000006,3,8,8.782516055786093
CHEMBL4125805,COc1ccc(S(=O)(=O)N(CC(C)C)C[C@@H](O)[C@H](Cc2ccccc2)NC(=O)CN[C@H]2CCOC2)cc1OC,active,563.7170000000003,1.817400000000001,3,8,6.508638306165727
CHEMBL4128421,CC(C)CN(C[C@@H](O)[C@H](Cc1ccccc1)NC(=O)CN[C@H]1CCOC1)S(=O)(=O)c1ccc(OC(F)(F)F)cc1,active,587.6610000000005,2.6988000000000003,3,7,6.5376020021010435
CHEMBL4127040,CC(C)CN(C[C@@H](O)[C@H](Cc1ccccc1)NC(=O)CN[C@H]1CCOC1)S(=O)(=O)c1ccc(CO)cc1,active,533.6910000000004,1.2925000000000013,4,7,7.991399828238082
CHEMBL4129649,CC(C)CN(C[C@@H](O)[C@H](Cc1ccccc1)NC(=O)CN[C@H]1CCOC1)S(=O)(=O)c1ccc(N)cc1,active,518.6800000000004,1.382400000000002,4,7,8.38615817812393
CHEMBL4128277,CC(C)CN(C[C@@H](O)[C@H](Cc1ccccc1)NC(=O)CN[C@H]1CCOC1)S(=O)(=O)c1ccc([N+](=O)[O-])cc1,active,548.6620000000004,1.7084000000000013,3,8,7.334419008982047
CHEMBL4129203,COc1ccc(S(=O)(=O)N(CC(C)C)C[C@@H](O)[C@H](Cc2ccccc2)NC(=O)CN[C@H]2CCOC2)cc1,active,533.6910000000004,1.8088000000000006,3,7,8.651695136951838
CHEMBL4177355,N[C@H](C(=O)Nc1cncc(F)c1CC[C@H]1CN[C@@H]2CCCS(=O)(=O)N1C2)[C@@H](c1ccc(Cl)cc1)c1cc(F)cc(F)c1,active,622.1130000000003,3.948800000000002,3,6,10.920818753952375
CHEMBL4589247,COc1ccc(S(=O)(=O)N(CC(C)C)C[C@@H](O)[C@H](Cc2ccccc2)NC(=O)Cn2ccc(N)nc2=O)cc1,active,557.6730000000002,1.2694000000000005,3,9,8.043831569524636
CHEMBL4594190,CC(C)CN(C[C@@H](O)[C@H](Cc1ccccc1)NC(=O)Cn1ccc(N)nc1=O)S(=O)(=O)c1ccc([N+](=O)[O-])cc1,active,572.6440000000003,1.1690000000000014,3,10,6.385841290490825
CHEMBL4454281,CC(C)CN(C[C@@H](O)[C@H](Cc1ccccc1)NC(=O)Cn1ccc(N)nc1=O)S(=O)(=O)c1ccc(N)cc1,active,542.6620000000003,0.8430000000000022,4,9,6.814741234703415
CHEMBL4447647,COc1ccc(S(=O)(=O)N(CC(C)C)C[C@@H](O)[C@H](Cc2ccccc2)NC(=O)Cn2cc(C)c(N)nc2=O)cc1,active,571.7000000000003,1.5778200000000007,3,9,6.8326826652518236
CHEMBL4553997,Cc1cn(CC(=O)N[C@@H](Cc2ccccc2)[C@H](O)CN(CC(C)C)S(=O)(=O)c2ccc(N)cc2)c(=O)nc1N,active,556.6890000000002,1.1514200000000012,4,9,6.425505731714672
CHEMBL4547464,COc1ccc(S(=O)(=O)N(CC(C)C)C[C@@H](O)[C@H](Cc2ccccc2)NC(=O)Cn2cc(F)c(N)nc2=O)cc1,active,575.6630000000002,1.4085000000000003,3,9,7.443335737877431
CHEMBL4475878,CC(C)CN(C[C@@H](O)[C@H](Cc1ccccc1)NC(=O)Cn1cc(F)c(N)nc1=O)S(=O)(=O)c1ccc([N+](=O)[O-])cc1,active,590.6340000000002,1.3081000000000012,3,10,6.316862868516993
CHEMBL4438699,CC(C)CN(C[C@@H](O)[C@H](Cc1ccccc1)NC(=O)Cn1cc(F)c(N)nc1=O)S(=O)(=O)c1ccc(N)cc1,active,560.6520000000002,0.982100000000002,4,9,6.979638717352292
CHEMBL4444467,COc1ccc(S(=O)(=O)N(CC(C)C)C[C@@H](O)[C@H](Cc2ccccc2)NC(=O)Cn2cccnc2=O)cc1,active,542.6580000000002,1.6871999999999996,2,8,7.985059650207064
CHEMBL4568736,CC(C)CN(C[C@@H](O)[C@H](Cc1ccccc1)NC(=O)Cn1cccnc1=O)S(=O)(=O)c1ccc([N+](=O)[O-])cc1,active,557.6290000000002,1.5867999999999993,2,9,6.610833915635467
CHEMBL4461829,CC(C)CN(C[C@@H](O)[C@H](Cc1ccccc1)NC(=O)Cn1cccnc1=O)S(=O)(=O)c1ccc(N)cc1,active,527.6470000000003,1.2608000000000001,3,8,6.899284913426919
CHEMBL4452255,COc1ccc(S(=O)(=O)N(CC(C)C)C[C@@H](O)[C@H](Cc2ccccc2)NC(=O)Cn2ccc(=O)[nH]c2=O)cc1,active,558.6570000000003,0.9805000000000008,3,8,8.596879478824182
CHEMBL4561882,CC(C)CN(C[C@@H](O)[C@H](Cc1ccccc1)NC(=O)Cn1ccc(=O)[nH]c1=O)S(=O)(=O)c1ccc([N+](=O)[O-])cc1,active,573.6280000000003,0.8801000000000004,3,9,7.697669071315601
CHEMBL4574190,CC(C)CN(C[C@@H](O)[C@H](Cc1ccccc1)NC(=O)Cn1ccc(=O)[nH]c1=O)S(=O)(=O)c1ccc(N)cc1,active,543.6460000000002,0.5541000000000025,4,8,7.697452627512514
CHEMBL4533358,COc1ccc(S(=O)(=O)N(CC(C)C)C[C@@H](O)[C@H](Cc2ccccc2)NC(=O)Cn2cc(C)c(=O)[nH]c2=O)cc1,active,572.6840000000003,1.28892,3,8,8.555955204081924
CHEMBL4555515,Cc1cn(CC(=O)N[C@@H](Cc2ccccc2)[C@H](O)CN(CC(C)C)S(=O)(=O)c2ccc([N+](=O)[O-])cc2)c(=O)[nH]c1=O,active,587.6550000000003,1.1885200000000007,3,9,7.353498249968388
CHEMBL4473514,Cc1cn(CC(=O)N[C@@H](Cc2ccccc2)[C@H](O)CN(CC(C)C)S(=O)(=O)c2ccc(N)cc2)c(=O)[nH]c1=O,active,557.6730000000003,0.8625200000000013,4,8,7.706637445288554
CHEMBL4469072,COc1ccc(S(=O)(=O)N(CC(C)C)C[C@@H](O)[C@H](Cc2ccccc2)NC(=O)Cn2cc(F)c(=O)[nH]c2=O)cc1,active,576.6470000000003,1.1196000000000004,3,8,8.709965388637482
CHEMBL4524388,CC(C)CN(C[C@@H](O)[C@H](Cc1ccccc1)NC(=O)Cn1cc(F)c(=O)[nH]c1=O)S(=O)(=O)c1ccc([N+](=O)[O-])cc1,active,591.6180000000003,1.019200000000001,3,9,7.558461961297839
CHEMBL4439216,CC(C)CN(C[C@@H](O)[C@H](Cc1ccccc1)NC(=O)Cn1cc(F)c(=O)[nH]c1=O)S(=O)(=O)c1ccc(N)cc1,active,561.6360000000002,0.6932000000000023,4,8,7.788345599446817
CHEMBL4546808,COc1ccc(S(=O)(=O)N(CC(C)C)C[C@@H](O)[C@H](Cc2ccccc2)NC(=O)Cn2cc(CO)c(=O)[nH]c2=O)cc1,active,588.6830000000002,0.47280000000000116,4,9,8.042392712939904
CHEMBL4582801,CC(C)CN(C[C@@H](O)[C@H](Cc1ccccc1)NC(=O)Cn1cc(CO)c(=O)[nH]c1=O)S(=O)(=O)c1ccc([N+](=O)[O-])cc1,active,603.6540000000003,0.3724000000000006,4,10,6.392223396258307
CHEMBL4567131,CC(C)CN(C[C@@H](O)[C@H](Cc1ccccc1)NC(=O)Cn1cc(CO)c(=O)[nH]c1=O)S(=O)(=O)c1ccc(N)cc1,active,573.6720000000003,0.04640000000000255,5,9,6.618704376996174
CHEMBL4520771,CC(=O)O[C@H]1CC[C@]2(C)[C@H]3CC=C4[C@@H]5CC(C)(C)CC[C@]5(C(=O)NCCCC(=O)O)CC[C@@]4(C)[C@]3(C)CC[C@H]2C1(C)C,inactive,583.8540000000003,7.700800000000009,2,4,4.486782399932061
CHEMBL4452290,CC1(C)CC[C@]2(C(=O)NCCCC(=O)O)CC[C@]3(C)C(=CC[C@@H]4[C@@]5(C)CC[C@H](OC(=O)CCC(=O)O)C(C)(C)[C@@H]5CC[C@]43C)[C@@H]2C1,inactive,641.89,7.545700000000009,3,5,4.752026733638194
CHEMBL4467735,CC1(C)CC[C@]2(C(=O)NCCCC(=O)O)CC[C@]3(C)C(=CC[C@@H]4[C@@]5(C)CC[C@H](OC(=O)CCCC(=O)O)C(C)(C)[C@@H]5CC[C@]43C)[C@@H]2C1,inactive,655.917,7.935800000000009,3,5,4.690369832574101
CHEMBL4516844,CC(C)(CC(=O)O)CC(=O)O[C@H]1CC[C@]2(C)[C@H]3CC=C4[C@@H]5CC(C)(C)CC[C@]5(C(=O)NCCCC(=O)O)CC[C@@]4(C)[C@]3(C)CC[C@H]2C1(C)C,inactive,683.9709999999999,8.571900000000007,3,5,4.47755576649368
CHEMBL4554132,CC1(C)CC[C@]2(C(=O)NCCCCCC(=O)O)CC[C@]3(C)C(=CC[C@@H]4[C@@]5(C)CC[C@H](OC(=O)c6ccccc6C(=O)O)C(C)(C)[C@@H]5CC[C@]43C)[C@@H]2C1,active,717.988,9.473100000000002,3,5,6.102372908709558
CHEMBL4547137,CC1(C)CC[C@]2(C(=O)NCCCCCC(=O)O)CC[C@]3(C)C(=CC[C@@H]4[C@@]5(C)CC[C@H](OC(=O)CCCC(=O)O)C(C)(C)[C@@H]5CC[C@]43C)[C@@H]2C1,active,683.9710000000001,8.716000000000006,3,5,6.0
CHEMBL4521631,CC(C)(CC(=O)O)CC(=O)O[C@H]1CC[C@]2(C)[C@H]3CC=C4[C@@H]5CC(C)(C)CC[C@]5(C(=O)NCCCCCC(=O)O)CC[C@@]4(C)[C@]3(C)CC[C@H]2C1(C)C,inactive,712.025,9.352100000000004,3,5,4.906578314837765
CHEMBL4437692,CC1(C)CC[C@]2(C(=O)NCCCCCCCCCCC(=O)O)CC[C@]3(C)C(=CC[C@@H]4[C@@]5(C)CC[C@H](OC(=O)c6ccccc6C(=O)O)C(C)(C)[C@@H]5CC[C@]43C)[C@@H]2C1,active,788.123,11.423599999999992,3,5,6.055517327849832
CHEMBL4443019,CC(C)(CC(=O)O)CC(=O)O[C@H]1CC[C@]2(C)[C@H]3CC=C4[C@@H]5CC(C)(C)CC[C@]5(C(=O)NCCCCCC(=O)NCC(=O)O)CC[C@@]4(C)[C@]3(C)CC[C@H]2C1(C)C,inactive,769.0769999999999,8.468300000000006,4,6,4.411168274405793
CHEMBL4465606,C[C@H](NC(=O)CCCNC(=O)[C@]12CCC(C)(C)C[C@H]1C1=CC[C@@H]3[C@@]4(C)CC[C@H](OC(=O)c5ccccc5)C(C)(C)[C@@H]4CC[C@@]3(C)[C@]1(C)CC2)C(=O)O,inactive,717.0039999999999,8.499400000000009,3,5,4.326979092871104
CHEMBL4465430,CC(=O)O[C@H]1CC[C@]2(C)[C@H]3CC=C4[C@@H]5CC(C)(C)CC[C@]5(C(=O)NCCCCCC(=O)N[C@@H](C)C(=O)O)CC[C@@]4(C)[C@]3(C)CC[C@H]2C1(C)C,inactive,682.987,7.9857000000000085,3,5,4.326979092871104
CHEMBL4457594,CCC(=O)O[C@H]1CC[C@]2(C)[C@H]3CC=C4[C@@H]5CC(C)(C)CC[C@]5(C(=O)NCCCCCC(=O)N[C@@H](C)C(=O)O)CC[C@@]4(C)[C@]3(C)CC[C@H]2C1(C)C,inactive,697.014,8.375800000000007,3,5,4.508638306165727
CHEMBL4570395,CCCC(=O)O[C@H]1CC[C@]2(C)[C@H]3CC=C4[C@@H]5CC(C)(C)CC[C@]5(C(=O)NCCCCCC(=O)N[C@@H](C)C(=O)O)CC[C@@]4(C)[C@]3(C)CC[C@H]2C1(C)C,inactive,711.0409999999999,8.765900000000004,3,5,4.3979400086720375
CHEMBL4468681,C[C@H](NC(=O)CCCCCNC(=O)[C@]12CCC(C)(C)C[C@H]1C1=CC[C@@H]3[C@@]4(C)CC[C@H](OC(=O)CCC(=O)O)C(C)(C)[C@@H]4CC[C@@]3(C)[C@]1(C)CC2)C(=O)O,inactive,741.023,7.830600000000008,4,6,4.39577394691553
CHEMBL4469936,C[C@H](NC(=O)CCCCCNC(=O)[C@]12CCC(C)(C)C[C@H]1C1=CC[C@@H]3[C@@]4(C)CC[C@H](OC(=O)CCCC(=O)O)C(C)(C)[C@@H]4CC[C@@]3(C)[C@]1(C)CC2)C(=O)O,inactive,755.0500000000001,8.22070000000001,4,6,4.411168274405793
CHEMBL4434969,C[C@H](NC(=O)CCCCCNC(=O)[C@]12CCC(C)(C)C[C@H]1C1=CC[C@@H]3[C@@]4(C)CC[C@H](OC(=O)CC(C)(C)CC(=O)O)C(C)(C)[C@@H]4CC[C@@]3(C)[C@]1(C)CC2)C(=O)O,inactive,783.1039999999999,8.856800000000007,4,6,4.617982957425132
CHEMBL4442340,C[C@H](NC(=O)CCCCCCCCCCNC(=O)[C@]12CCC(C)(C)C[C@H]1C1=CC[C@@H]3[C@@]4(C)CC[C@H](OC(=O)c5ccccc5C(=O)O)C(C)(C)[C@@H]4CC[C@@]3(C)[C@]1(C)CC2)C(=O)O,active,859.202,10.928299999999995,4,6,6.0
CHEMBL4445157,CC(C)[C@H](NC(=O)CCCNC(=O)[C@]12CCC(C)(C)C[C@H]1C1=CC[C@@H]3[C@@]4(C)CC[C@H](OC(=O)CCC(=O)O)C(C)(C)[C@@H]4CC[C@@]3(C)[C@]1(C)CC2)C(=O)O,inactive,741.023,7.686500000000008,4,6,4.3819519032879075
CHEMBL4457431,CC(C)[C@H](NC(=O)CCCNC(=O)[C@]12CCC(C)(C)C[C@H]1C1=CC[C@@H]3[C@@]4(C)CC[C@H](OC(=O)CCCC(=O)O)C(C)(C)[C@@H]4CC[C@@]3(C)[C@]1(C)CC2)C(=O)O,inactive,755.0500000000001,8.076600000000008,4,6,4.703334809738469
CHEMBL4471963,CC(C)[C@H](NC(=O)CCCNC(=O)[C@]12CCC(C)(C)C[C@H]1C1=CC[C@@H]3[C@@]4(C)CC[C@H](OC(=O)CC(C)(C)CC(=O)O)C(C)(C)[C@@H]4CC[C@@]3(C)[C@]1(C)CC2)C(=O)O,inactive,783.1039999999999,8.712700000000007,4,6,4.334419008982047
CHEMBL4446985,CC(=O)O[C@H]1CC[C@]2(C)[C@H]3CC=C4[C@@H]5CC(C)(C)CC[C@]5(C(=O)NCCCCCC(=O)N[C@H](C(=O)O)C(C)C)CC[C@@]4(C)[C@]3(C)CC[C@H]2C1(C)C,inactive,711.0409999999999,8.621800000000006,3,5,4.518557371497695
CHEMBL4456124,CC(C)[C@H](NC(=O)CCCCCNC(=O)[C@]12CCC(C)(C)C[C@H]1C1=CC[C@@H]3[C@@]4(C)CC[C@H](OC(=O)c5ccccc5C(=O)O)C(C)(C)[C@@H]4CC[C@@]3(C)[C@]1(C)CC2)C(=O)O,active,817.121,9.613900000000001,4,6,6.229147988357855
CHEMBL4455173,CC(C)[C@H](NC(=O)CCCCCNC(=O)[C@]12CCC(C)(C)C[C@H]1C1=CC[C@@H]3[C@@]4(C)CC[C@H](OC(=O)CCCC(=O)O)C(C)(C)[C@@H]4CC[C@@]3(C)[C@]1(C)CC2)C(=O)O,inactive,783.1039999999999,8.856800000000005,4,6,4.747146969020107
CHEMBL4556934,CC(C)[C@H](NC(=O)CCCCCNC(=O)[C@]12CCC(C)(C)C[C@H]1C1=CC[C@@H]3[C@@]4(C)CC[C@H](OC(=O)CC(C)(C)CC(=O)O)C(C)(C)[C@@H]4CC[C@@]3(C)[C@]1(C)CC2)C(=O)O,inactive,811.1579999999999,9.492900000000002,4,6,4.634512015109101
CHEMBL301728,CC(=O)N[C@H](C(=O)N[C@H](C(=O)N[C@@H](CC(C)C)[C@@H](O)CC(=O)N[C@@H](C)C(=O)N[C@@H](CC(C)C)[C@@H](O)CC(=O)O)C(C)C)C(C)C,active,643.8230000000002,0.4410000000000074,8,8,6.619788758288394
CHEMBL4514317,CC(C)CN(C[C@@H](O)[C@H](Cc1ccccc1)NC(=O)Cn1cnc2c(O)nc(N)nc21)S(=O)(=O)c1ccc([N+](=O)[O-])cc1,active,612.6690000000003,1.4575999999999998,4,12,6.102372908709558
CHEMBL4545918,COc1ccc(S(=O)(=O)N(CC(C)C)C[C@@H](O)[C@H](Cc2ccccc2)NC(=O)Cn2cnc3c(O)nc(N)nc32)cc1,active,597.698,1.5579999999999996,4,11,7.096910013008056
CHEMBL4574760,COc1ccc(S(=O)(=O)N(CC(C)C)C[C@@H](O)[C@H](Cc2ccccc2)NC(=O)Cn2cnc3c(O)ncnc32)cc1,active,582.6830000000001,1.9757999999999993,3,10,7.167491087293763
CHEMBL4588514,COc1nc(N)nc2c1ncn2CC(=O)N[C@@H](Cc1ccccc1)[C@H](O)CN(CC(C)C)S(=O)(=O)c1ccc(N)cc1,active,596.7140000000002,1.4346000000000008,4,11,6.721246399047171
CHEMBL4538819,COc1ccc(S(=O)(=O)N(CC(C)C)C[C@@H](O)[C@H](Cc2ccccc2)NC(=O)Cn2cnc3c(OC)nc(N)nc32)cc1,active,611.725,1.861,3,11,6.337242168318426
CHEMBL4527349,COc1ccc(S(=O)(=O)N(CC(C)C)C[C@@H](O)[C@H](Cc2ccccc2)NC(=O)Cn2cnc3c(OC)ncnc32)cc1,active,596.7100000000002,2.2788000000000004,2,10,6.7447274948966935
CHEMBL4449917,Cc1nc2cncnc2n1CC(=O)N[C@@H](Cc1ccccc1)[C@H](O)CN(CC(C)C)S(=O)(=O)c1ccc(N)cc1,active,565.7000000000002,2.152219999999999,3,9,6.1938200260161125
CHEMBL4475047,Cc1nc2cncnc2n1CC(=O)N[C@@H](Cc1ccccc1)[C@H](O)CN(CC(C)C)S(=O)(=O)c1ccc([N+](=O)[O-])cc1,active,595.6820000000002,2.4782199999999994,2,10,6.2441251443275085
CHEMBL4522803,COc1ccc(S(=O)(=O)N(CC(C)C)C[C@@H](O)[C@H](Cc2ccccc2)NC(=O)Cn2c(C)nc3cncnc32)cc1,active,580.7110000000001,2.57862,2,9,6.823908740944319
CHEMBL4550588,COc1ccc(S(=O)(=O)N(CC(C)C)C[C@@H](O)[C@H](Cc2ccccc2)NC(=O)Cn2cnc3c(C)ncnc32)cc1,active,580.7110000000001,2.57862,2,9,7.376750709602099
CHEMBL4587376,COc1ccc(S(=O)(=O)N(CC(C)C)C[C@@H](O)[C@H](Cc2ccccc2)NC(=O)Cn2cnc3cnc(N)nc32)cc1,active,581.6990000000001,1.8523999999999996,3,10,6.443697499232712
CHEMBL4448205,CC(C)CN(C[C@@H](O)[C@H](Cc1ccccc1)NC(=O)Cn1cnc2cncnc21)S(=O)(=O)c1ccc(N)cc1,active,551.6730000000002,1.8437999999999992,3,9,6.2441251443275085
CHEMBL4525077,COc1ccc(S(=O)(=O)N(CC(C)C)C[C@@H](O)[C@H](Cc2ccccc2)NC(=O)Cn2cnc3cncnc32)cc1,active,566.6840000000002,2.2702,2,9,6.619788758288394
CHEMBL4447947,CC(C)CN(C[C@@H](O)[C@H](Cc1ccccc1)NC(=O)Cn1cnc2c(Cl)nc(N)nc21)S(=O)(=O)c1ccc(N)cc1,inactive,601.1330000000002,2.0793999999999997,4,10,4.931814138253839
CHEMBL4462635,CC(C)CN(C[C@@H](O)[C@H](Cc1ccccc1)NC(=O)Cn1cnc2c(Cl)nc(N)nc21)S(=O)(=O)c1ccc([N+](=O)[O-])cc1,active,631.1150000000002,2.4053999999999993,3,11,6.017728766960431
CHEMBL4593844,COc1ccc(S(=O)(=O)N(CC(C)C)C[C@@H](O)[C@H](Cc2ccccc2)NC(=O)Cn2cnc3c(Cl)nc(N)nc32)cc1,active,616.144,2.5058,3,10,6.2441251443275085
CHEMBL4530761,CC(C)CN(C[C@@H](O)[C@H](Cc1ccccc1)NC(=O)Cn1cnc2c(Cl)ncnc21)S(=O)(=O)c1ccc([N+](=O)[O-])cc1,active,616.1000000000003,2.823200000000001,2,10,6.508638306165727
CHEMBL4590327,COc1ccc(S(=O)(=O)N(CC(C)C)C[C@@H](O)[C@H](Cc2ccccc2)NC(=O)Cn2cnc3c(Cl)ncnc32)cc1,active,601.1290000000001,2.9236000000000004,2,9,7.366531544420414
CHEMBL4451344,COc1ccc(S(=O)(=O)N(CC(C)C)C[C@@H](O)[C@H](Cc2ccccc2)NC(=O)[C@]23CC[C@@H](C)[C@H](C)[C@H]2C2=CC[C@@H]4[C@@]5(C)CC[C@H](O)C(C)(C)[C@@H]5CC[C@@]4(C)[C@]2(C)CC3)cc1,active,845.2439999999996,9.448800000000002,3,6,6.337242168318426
CHEMBL4555048,CC(C)CN(C[C@@H](O)[C@H](Cc1ccccc1)NC(=O)[C@]12CC[C@@H](C)[C@H](C)[C@H]1C1=CC[C@@H]3[C@@]4(C)CC[C@H](O)C(C)(C)[C@@H]4CC[C@@]3(C)[C@]1(C)CC2)S(=O)(=O)c1ccc([N+](=O)[O-])cc1,active,860.2149999999999,9.348400000000003,3,7,6.3979400086720375
CHEMBL4448278,CC(C)CN(C[C@@H](O)[C@H](Cc1ccccc1)NC(=O)[C@]12CC[C@@H](C)[C@H](C)[C@H]1C1=CC[C@@H]3[C@@]4(C)CC[C@H](O)C(C)(C)[C@@H]4CC[C@@]3(C)[C@]1(C)CC2)S(=O)(=O)c1ccc(N)cc1,active,830.2329999999998,9.022400000000008,4,6,6.920818753952375
CHEMBL4452115,COc1ccc(S(=O)(=O)N(CC(C)C)C[C@@H](O)[C@H](Cc2ccccc2)NC(=O)[C@]23CCC(C)(C)C[C@H]2C2=CC[C@@H]4[C@@]5(C)CC[C@H](O)C(C)(C)[C@@H]5CC[C@@]4(C)[C@]2(C)CC3)cc1,active,845.2439999999997,9.592900000000002,3,6,6.619788758288394
CHEMBL4444407,CC(C)CN(C[C@@H](O)[C@H](Cc1ccccc1)NC(=O)[C@]12CCC(C)(C)C[C@H]1C1=CC[C@@H]3[C@@]4(C)CC[C@H](O)C(C)(C)[C@@H]4CC[C@@]3(C)[C@]1(C)CC2)S(=O)(=O)c1ccc([N+](=O)[O-])cc1,active,860.215,9.492500000000001,3,7,6.823908740944319
CHEMBL4444031,CC(C)CN(C[C@@H](O)[C@H](Cc1ccccc1)NC(=O)[C@]12CCC(C)(C)C[C@H]1C1=CC[C@@H]3[C@@]4(C)CC[C@H](O)C(C)(C)[C@@H]4CC[C@@]3(C)[C@]1(C)CC2)S(=O)(=O)c1ccc(N)cc1,active,830.233,9.166500000000006,4,6,6.769551078621726
CHEMBL4530869,COc1ccc(S(=O)(=O)N(CC(C)C)C[C@@H](O)[C@H](Cc2ccccc2)NC(=O)[C@]23CC[C@@H](C)[C@H](C)[C@H]2C2=CC[C@@H]4[C@@]5(C)C[C@@H](O)[C@H](O)[C@@](C)(CO)[C@@H]5CC[C@@]4(C)[C@]2(C)CC3)cc1,active,877.2419999999997,7.392000000000011,5,8,6.823908740944319
CHEMBL4443902,CC(C)CN(C[C@@H](O)[C@H](Cc1ccccc1)NC(=O)[C@]12CC[C@@H](C)[C@H](C)[C@H]1C1=CC[C@@H]3[C@@]4(C)C[C@@H](O)[C@H](O)[C@@](C)(CO)[C@@H]4CC[C@@]3(C)[C@]1(C)CC2)S(=O)(=O)c1ccc([N+](=O)[O-])cc1,active,892.213,7.291600000000011,5,9,6.769551078621726
CHEMBL4541253,CC(C)CN(C[C@@H](O)[C@H](Cc1ccccc1)NC(=O)[C@]12CC[C@@H](C)[C@H](C)[C@H]1C1=CC[C@@H]3[C@@]4(C)C[C@@H](O)[C@H](O)[C@@](C)(CO)[C@@H]4CC[C@@]3(C)[C@]1(C)CC2)S(=O)(=O)c1ccc(N)cc1,active,862.2309999999999,6.965600000000008,6,8,6.522878745280337
CHEMBL4566224,COc1ccc(S(=O)(=O)N(CC(C)C)C[C@@H](O)[C@H](Cc2ccccc2)NC(=O)[C@]23CC[C@@H](C)[C@H](C)[C@H]2C2=CC[C@@H]4[C@@]5(C)CCC(=O)C(C)(C)[C@@H]5CC[C@@]4(C)[C@]2(C)CC3)cc1,active,843.2279999999995,9.657,2,6,6.431798275933005
CHEMBL4447543,CC(C)CN(C[C@@H](O)[C@H](Cc1ccccc1)NC(=O)[C@]12CC[C@@H](C)[C@H](C)[C@H]1C1=CC[C@@H]3[C@@]4(C)CCC(=O)C(C)(C)[C@@H]4CC[C@@]3(C)[C@]1(C)CC2)S(=O)(=O)c1ccc([N+](=O)[O-])cc1,active,858.199,9.556600000000001,2,7,6.657577319177793
CHEMBL4561381,C=C(C)[C@@H]1CC[C@]2(C(=O)N[C@@H](Cc3ccccc3)[C@H](O)CN(CC(C)C)S(=O)(=O)c3ccc(OC)cc3)CC[C@]3(C)[C@H](CC[C@@H]4[C@@]5(C)CC[C@H](O)C(C)(C)[C@@H]5CC[C@]43C)[C@@H]12,active,845.2439999999996,9.448800000000004,3,6,6.6777807052660805
CHEMBL4453560,C=C(C)[C@@H]1CC[C@]2(C(=O)N[C@@H](Cc3ccccc3)[C@H](O)CN(CC(C)C)S(=O)(=O)c3ccc(N)cc3)CC[C@]3(C)[C@H](CC[C@@H]4[C@@]5(C)CC[C@H](O)C(C)(C)[C@@H]5CC[C@]43C)[C@@H]12,active,830.2329999999996,9.022400000000005,4,6,6.214670164989233
CHEMBL4556761,CC(C)CN(C[C@@H](O)[C@H](Cc1ccccc1)NC(=O)[C@]1(C)CC[C@@H]2C3=CC(=O)[C@@H]4[C@@]5(C)CC[C@H](O)C(C)(C)[C@@H]5CC[C@@]4(C)[C@]3(C)CC[C@@]2(C)C1)S(=O)(=O)c1ccc(N)cc1,active,844.2159999999998,8.345500000000008,4,7,6.309803919971486
CHEMBL4549913,COc1ccc(S(=O)(=O)N(CC(C)C)C[C@@H](O)[C@H](Cc2ccccc2)NC(=O)[C@]2(C)CC[C@H]3C4=CC(=O)[C@@H]5[C@@]6(C)CC[C@H](O)C(C)(C)[C@@H]6CC[C@@]5(C)[C@]4(C)CC[C@@]3(C)C2)cc1,active,859.2269999999995,8.771900000000006,3,7,6.318758762624412
CHEMBL4579986,CC(C)CN(C[C@@H](O)[C@H](Cc1ccccc1)NC(=O)[C@]1(C)CC[C@H]2C3=CC(=O)[C@@H]4[C@@]5(C)CC[C@H](O)C(C)(C)[C@@H]5CC[C@@]4(C)[C@]3(C)CC[C@@]2(C)C1)S(=O)(=O)c1ccc([N+](=O)[O-])cc1,active,874.1979999999999,8.671500000000007,3,8,6.301029995663981
CHEMBL4443043,CC(C)CN(C[C@@H](O)[C@H](Cc1ccccc1)NC(=O)[C@]1(C)CC[C@H]2C3=CC(=O)[C@@H]4[C@@]5(C)CC[C@H](O)C(C)(C)[C@@H]5CC[C@@]4(C)[C@]3(C)CC[C@@]2(C)C1)S(=O)(=O)c1ccc(N)cc1,active,844.2159999999998,8.345500000000008,4,7,6.236572006437063
CHEMBL4300203,COC(=O)N[C@H](C(=O)N[C@@H](Cc1ccccc1)[C@H](CN(Cc1ccc(-c2ccccn2)cc1)NC(=O)[C@@H](NC(=O)OC)C(C)(C)C)OC(=O)[C@@H](N)C(C)C)C(C)(C)C,active,804.0019999999998,4.7458000000000045,5,11,8.397940008672037
CHEMBL4522729,COC(=O)N[C@H](C(=O)N[C@@H](Cc1ccccc1)[C@H](CN(Cc1ccc(-c2ccccn2)cc1)NC(=O)[C@@H](NC(=O)OC)C(C)(C)C)OC(=O)[C@H](N)C(C)C)C(C)(C)C,active,804.0019999999998,4.7458000000000045,5,11,8.397940008672037
CHEMBL4437104,COC(=O)N[C@H](C(=O)N[C@@H](Cc1ccccc1)[C@H](CN(Cc1ccc(-c2ccccn2)cc1)NC(=O)[C@@H](NC(=O)OC)C(C)(C)C)OC(=O)[C@@H](NC(=O)[C@@H](N)C(C)C)C(C)C)C(C)(C)C,active,903.1349999999998,4.886600000000008,6,12,8.397940008672037
CHEMBL4474072,COC(=O)N[C@H](C(=O)N[C@@H](Cc1ccccc1)[C@H](CN(Cc1ccc(-c2ccccn2)cc1)NC(=O)[C@@H](NC(=O)OC)C(C)(C)C)OC(=O)[C@H](NC(=O)[C@H](N)C(C)C)C(C)C)C(C)(C)C,active,903.1349999999998,4.886600000000008,6,12,8.397940008672037
CHEMBL4460401,COC(=O)N[C@H](C(=O)N[C@@H](Cc1ccccc1)[C@H](CN(Cc1ccc(-c2ccccn2)cc1)NC(=O)[C@@H](NC(=O)OC)C(C)(C)C)OC(=O)[C@@H](NC(=O)[C@H](N)C(C)C)C(C)C)C(C)(C)C,active,903.1349999999998,4.886600000000008,6,12,8.397940008672037
CHEMBL4554438,COC(=O)N[C@H](C(=O)N[C@@H](Cc1ccccc1)[C@H](CN(Cc1ccc(-c2ccccn2)cc1)NC(=O)[C@@H](NC(=O)OC)C(C)(C)C)OC(=O)[C@H](NC(=O)[C@@H](N)C(C)C)C(C)C)C(C)(C)C,active,903.1349999999998,4.886600000000008,6,12,8.397940008672037
CHEMBL4447493,COC(=O)N[C@H](C(=O)N[C@@H](Cc1ccccc1)[C@H](CN(Cc1ccc(-c2ccccn2)cc1)NC(=O)[C@@H](NC(=O)OC)C(C)(C)C)OC(=O)CN)C(C)(C)C,active,761.9209999999998,3.721200000000003,5,11,8.397940008672037
CHEMBL4463796,COC(=O)N[C@H](C(=O)N[C@@H](Cc1ccccc1)[C@H](CN(Cc1ccc(-c2ccccn2)cc1)NC(=O)[C@@H](NC(=O)OC)C(C)(C)C)OC(=O)CN(C)C)C(C)(C)C,active,789.9749999999998,4.324100000000004,4,11,8.397940008672037
CHEMBL4525849,COC(=O)N[C@H](C(=O)N[C@@H](Cc1ccccc1)[C@H](CN(Cc1ccc(-c2ccccn2)cc1)NC(=O)[C@@H](NC(=O)OC)C(C)(C)C)OC(=O)[C@H](C)N)C(C)(C)C,active,775.9479999999999,4.109700000000004,5,11,8.397940008672037
CHEMBL4542773,COC(=O)N[C@H](C(=O)N[C@@H](Cc1ccccc1)[C@H](CN(Cc1ccc(-c2ccccn2)cc1)NC(=O)[C@@H](NC(=O)OC)C(C)(C)C)OC(=O)[C@@H](C)N)C(C)(C)C,active,775.9479999999999,4.109700000000004,5,11,8.397940008672037
CHEMBL4573907,COC(=O)N[C@H](C(=O)N[C@@H](Cc1ccccc1)[C@H](CN(Cc1ccc(-c2ccccn2)cc1)NC(=O)[C@@H](NC(=O)OC)C(C)(C)C)OC(=O)[C@@H](N)Cc1ccccc1)C(C)(C)C,active,852.0459999999998,5.332500000000007,5,11,8.397940008672037
CHEMBL4574382,COC(=O)N[C@H](C(=O)N[C@@H](Cc1ccccc1)[C@H](CN(Cc1ccc(-c2ccccn2)cc1)NC(=O)[C@@H](NC(=O)OC)C(C)(C)C)OC(=O)[C@H](N)Cc1ccccc1)C(C)(C)C,active,852.0459999999998,5.332500000000007,5,11,8.397940008672037
CHEMBL322241,CC(C)CN(C[C@@H](O)[C@H](Cc1ccccc1)NC(=O)[C@H](CC(N)=O)NC(=O)c1ccc2ccccc2n1)C(=O)NC(C)(C)C,active,604.7520000000002,2.763100000000003,5,6,8.200659450546418
